"id","env","rating","yield","flower_start","flower_end","flower_average","strch_start","strch_end","growth"
"1","0","9.0","9","53","67","60","0","0","0"
"2","0","10.0","10","49","59","54","125","200","60"
"3","0","10.0","6","60","60","60","76","119","57"
"4","0","9.0","8","54","58","56","45","110","144"
"5","1","8.0","7","0","0","0","0","0","0"
"6","0","8.5","8","47","52","50","30","55","83"
"7","1","8.5","8","0","0","0","0","0","0"
"8","0","7.0","6","60","66","63","0","0","0"
"9","1","7.0","7","0","0","0","0","0","0"
"10","0","7.0","6","66","72","69","40","130","225"
"11","1","8.0","5","0","0","0","0","0","0"
"12","0","9.0","7","65","75","70","0","0","0"
"13","0","9.0","7","67","73","70","25","95","280"
"14","0","0.0","0","0","0","0","0","0","0"
"15","1","7.0","7","0","0","0","0","0","0"
"16","0","9.5","8","52","58","55","15","53","253"
"17","0","9.0","8","55","55","55","0","0","0"
"18","0","8.0","7","0","0","0","50","100","100"
"19","0","6.0","5","76","80","78","20","70","250"
"20","1","9.0","7","0","0","0","0","0","0"
"21","0","9.0","9","52","68","60","0","0","0"
"22","1","6.0","5","0","0","0","0","0","0"
"23","1","0.0","6","0","0","0","0","0","0"
"24","0","0.0","8","60","80","70","20","100","400"
"25","0","2.33","3","70","70","70","0","0","0"
"26","0","9.0","8","55","65","60","0","0","0"
"27","0","8.0","6","60","60","60","50","100","100"
"28","0","3.0","5","68","68","68","0","0","0"
"29","0","8.0","7","55","65","60","30","110","267"
"30","0","8.5","6","65","75","70","0","0","0"
"31","0","7.0","8","64","70","67","60","120","100"
"32","1","0.0","0","0","0","0","0","0","0"
"33","0","6.0","4","41","51","46","0","0","0"
"34","0","0.0","0","0","0","0","0","0","0"
"35","0","0.0","0","0","0","0","0","0","0"
"36","0","6.5","5.5","67","75","71","15","78","420"
"37","0","8.0","8","59","67","63","39","130","233"
"38","1","7.5","5.5","0","0","0","0","0","0"
"39","0","10.0","7","55","65","60","5","40","700"
"40","0","9.0","0","0","0","0","0","0","0"
"41","1","0.0","0","0","0","0","0","0","0"
"42","0","10.0","9","56","62","59","45","35","-22"
"43","1","7.0","7","0","0","0","0","0","0"
"44","0","8.33","8.5","67","73","70","35","110","214"
"45","0","9.5","9","66","67","66","55","110","100"
"46","1","10.0","8","0","0","0","0","0","0"
"47","0","9.0","8","55","65","60","40","120","200"
"48","1","8.0","8","0","0","0","0","0","0"
"49","0","7.29","8.67","74","92","83","42","138","229"
"50","1","9.0","8","0","0","0","0","0","0"
"51","0","0.0","2","0","0","0","20","130","550"
"52","0","10.0","5","57","63","60","10","45","350"
"53","1","9.0","6","0","0","0","0","0","0"
"54","0","8.0","8","0","0","0","0","0","0"
"55","0","10.0","10","49","49","49","25","70","180"
"56","1","7.0","6","0","0","0","0","0","0"
"57","0","8.0","8","58","62","60","25","110","340"
"58","0","8.0","7.5","66","76","71","37","105","184"
"59","1","7.0","7","0","0","0","0","0","0"
"60","0","9.0","7","59","63","61","35","80","129"
"61","1","9.0","9","0","0","0","0","0","0"
"62","1","8.0","8","0","0","0","0","0","0"
"63","0","0.0","8","65","70","68","35","110","214"
"64","0","8.0","0","0","0","0","0","0","0"
"65","1","8.0","0","0","0","0","0","0","0"
"66","0","8.0","7","50","60","55","60","130","117"
"67","0","5.5","5","55","65","60","0","0","0"
"68","0","8.0","8","60","70","65","30","110","267"
"69","0","7.0","7","63","63","63","0","0","0"
"70","0","8.0","7","61","68","65","28","111","296"
"71","0","5.0","5","58","58","58","0","0","0"
"72","0","3.0","3","55","65","60","25","65","160"
"73","0","10.0","8","60","60","60","25","60","140"
"74","0","8.25","6.5","57","61","59","31","71","129"
"75","1","10.0","10","0","0","0","0","0","0"
"76","0","0.0","0","0","0","0","0","0","0"
"77","0","10.0","0","0","0","0","0","0","0"
"78","0","10.0","8","50","60","55","0","0","0"
"79","0","8.0","8","49","63","56","80","110","38"
"80","0","8.0","7.5","84","88","86","50","150","200"
"81","0","0.0","0","58","62","60","0","0","0"
"82","0","9.0","8","57","63","60","0","0","0"
"83","0","7.0","6","56","64","60","0","0","0"
"84","0","8.0","7","50","56","53","0","0","0"
"85","0","9.5","4","56","64","60","50","150","200"
"86","0","6.0","6","51","79","65","15","50","233"
"87","0","0.0","9","75","85","80","40","150","275"
"88","1","10.0","10","0","0","0","0","0","0"
"89","0","6.0","9","63","63","63","0","0","0"
"90","0","5.0","5","56","64","60","20","60","200"
"91","0","0.0","0","0","0","0","0","0","0"
"92","0","5.0","4","64","68","66","0","0","0"
"93","0","8.67","7.75","65","70","67","28","79","182"
"94","0","9.0","0","0","0","0","0","0","0"
"95","0","9.0","7","68","76","72","28","113","304"
"96","0","9.0","8","58","58","58","10","110","1000"
"97","0","9.0","7","60","68","64","30","125","317"
"98","0","9.56","7.83","55","60","58","37","96","159"
"99","0","8.67","5","54","66","60","30","50","67"
"100","0","7.0","7","54","60","57","40","110","175"
"101","0","9.0","6","70","90","80","35","120","243"
"102","0","8.0","8","53","61","57","0","0","0"
"103","0","0.0","2","0","0","0","0","0","0"
"104","0","9.0","8","63","77","70","30","134","347"
"105","0","9.5","8.5","49","58","54","18","70","289"
"106","0","7.0","8","56","60","58","10","90","800"
"107","0","8.33","8","42","42","42","0","0","0"
"108","0","8.0","6","64","70","67","34","120","253"
"109","0","7.0","5.5","60","62","61","50","80","60"
"110","0","8.0","0","0","0","0","0","0","0"
"111","0","10.0","7","50","70","60","0","0","0"
"112","0","8.0","7","52","62","57","40","65","63"
"113","0","8.0","7","60","70","65","23","75","226"
"114","0","7.0","0","50","70","60","0","0","0"
"115","0","8.0","8","70","76","73","35","85","143"
"116","0","8.0","5","70","70","70","0","0","0"
"117","0","9.0","8","53","59","56","60","160","167"
"118","0","8.0","0","0","0","0","0","0","0"
"119","0","10.0","6.5","58","73","65","100","238","138"
"120","0","8.0","6","70","84","77","25","110","340"
"121","0","4.75","2","62","70","66","18","35","94"
"122","0","8.0","7","53","59","56","0","0","0"
"123","0","9.0","9","60","70","65","30","120","300"
"124","1","4.0","5","0","0","0","0","0","0"
"125","0","8.0","7.5","57","69","63","53","120","126"
"126","1","10.0","0","0","0","0","0","0","0"
"127","0","0.0","9","61","67","64","50","90","80"
"128","0","9.0","6","56","64","60","0","0","0"
"129","0","8.0","7.33","61","69","65","37","82","122"
"130","1","9.0","7","0","0","0","0","0","0"
"131","1","8.0","6","0","0","0","0","0","0"
"132","1","9.0","8","0","0","0","0","0","0"
"133","0","7.0","7.5","60","65","63","35","70","100"
"134","0","10.0","7","51","57","54","46","74","61"
"135","0","0.0","0","50","70","60","0","0","0"
"136","0","10.0","0","0","0","0","45","80","78"
"137","0","10.0","8","64","70","67","20","100","400"
"138","0","9.0","9","65","65","65","0","0","0"
"139","1","9.0","7","0","0","0","0","0","0"
"140","0","9.0","8","75","75","75","60","120","100"
"141","1","3.0","4","0","0","0","0","0","0"
"142","0","6.0","6","0","0","0","35","200","471"
"143","0","10.0","8","72","82","77","0","0","0"
"144","1","8.0","8","0","0","0","0","0","0"
"145","0","8.0","6","58","68","63","0","0","0"
"146","0","7.0","3","80","100","90","0","0","0"
"147","0","7.0","6.29","55","64","59","39","88","126"
"148","1","7.0","6","0","0","0","0","0","0"
"149","0","7.0","0","65","75","70","0","0","0"
"150","0","9.0","9","63","73","68","40","100","150"
"151","0","3.1","2.89","58","64","61","38","100","163"
"152","1","0.0","1","0","0","0","0","0","0"
"153","0","7.0","7","60","70","65","16","27","69"
"154","0","0.0","6","50","52","51","20","43","115"
"155","0","9.0","7","57","64","60","25","65","160"
"156","1","7.67","7.33","0","0","0","0","0","0"
"157","0","9.0","7","70","84","77","10","50","400"
"158","0","7.5","6.5","58","62","60","58","130","124"
"159","0","0.0","6","0","0","0","20","35","75"
"160","1","0.0","6","0","0","0","0","0","0"
"161","0","9.0","7","60","70","65","50","120","140"
"162","0","7.91","8.09","56","77","66","35","92","163"
"163","1","10.0","10","0","0","0","0","0","0"
"164","0","8.0","5","60","64","62","0","0","0"
"165","0","9.5","8","62","66","64","15","60","300"
"166","1","9.0","8","0","0","0","0","0","0"
"167","0","7.0","7","70","84","77","100","200","100"
"168","0","9.0","9.5","55","61","58","25","100","300"
"169","0","8.0","7","52","52","52","25","60","140"
"170","0","9.0","8.5","61","75","68","60","160","167"
"171","0","7.0","7","65","79","72","0","0","0"
"172","0","7.0","6","65","65","65","40","80","100"
"173","1","9.0","9","0","0","0","0","0","0"
"174","0","10.0","5","55","55","55","0","0","0"
"175","1","9.0","8","0","0","0","0","0","0"
"176","0","9.0","5","52","62","57","25","60","140"
"177","1","6.0","3","0","0","0","0","0","0"
"178","0","0.0","2","155","177","166","0","0","0"
"179","1","4.0","0","0","0","0","0","0","0"
"180","0","7.0","8","60","80","70","0","0","0"
"181","0","8.86","7.14","58","65","61","30","83","177"
"182","0","10.0","8","62","64","63","30","150","400"
"183","0","9.67","6.8","86","97","92","33","168","409"
"184","0","7.0","0","60","70","65","35","60","71"
"185","0","9.0","8.4","74","78","76","40","136","240"
"186","1","8.0","7.5","0","0","0","0","0","0"
"187","0","9.0","9","66","70","68","40","80","100"
"188","0","7.0","4","63","71","67","0","0","0"
"189","0","7.8","5.4","63","67","65","24","50","108"
"190","0","7.0","7","56","64","60","15","40","167"
"191","0","9.0","7","70","80","75","25","75","200"
"192","0","5.0","4","50","70","60","0","0","0"
"193","0","8.75","6.5","71","89","80","25","140","460"
"194","0","6.0","0","0","0","0","0","0","0"
"195","0","9.0","9","77","77","77","20","100","400"
"196","0","8.0","0","0","0","0","0","0","0"
"197","0","1.0","3","53","53","53","0","0","0"
"198","0","4.5","4","44","49","47","9","10","11"
"199","1","7.0","8","0","0","0","0","0","0"
"200","0","8.0","8","55","65","60","0","0","0"
"201","1","10.0","5","0","0","0","0","0","0"
"202","0","7.67","8.33","85","92","89","50","150","200"
"203","1","8.0","7","0","0","0","0","0","0"
"204","0","0.0","6","90","90","90","15","70","367"
"205","0","8.0","7","60","66","63","26","82","215"
"206","0","8.6","8","66","71","68","40","102","155"
"207","0","8.0","6","56","60","58","30","83","177"
"208","0","0.0","2","0","0","0","0","0","0"
"209","0","10.0","9.5","77","97","87","25","118","372"
"210","1","0.0","0","0","0","0","0","0","0"
"211","0","9.75","8.5","56","71","64","28","100","257"
"212","0","6.67","6.26","63","74","69","33","90","173"
"213","1","9.0","6","0","0","0","0","0","0"
"214","0","6.75","6.25","57","66","62","33","95","188"
"215","0","7.33","7","73","83","78","30","93","210"
"216","1","8.0","6.33","0","0","0","0","0","0"
"217","0","6.0","5","42","52","47","20","65","225"
"218","1","8.0","0","0","0","0","0","0","0"
"219","0","10.0","9.33","59","70","64","16","72","350"
"220","0","9.0","8","56","64","60","4","30","650"
"221","0","10.0","10","0","0","0","0","0","0"
"222","0","0.0","7","50","50","50","0","0","0"
"223","0","6.4","7.57","71","86","78","28","128","357"
"224","0","8.0","8","67","73","70","30","50","67"
"225","0","10.0","10","98","112","105","5","180","3500"
"226","1","10.0","6","0","0","0","0","0","0"
"227","0","9.0","9","40","70","55","0","0","0"
"228","1","9.0","0","0","0","0","0","0","0"
"229","0","10.0","0","0","0","0","0","0","0"
"230","0","0.0","7","55","55","55","15","40","167"
"231","0","0.0","2","126","126","126","0","0","0"
"232","0","6.0","6","59","71","65","23","60","161"
"233","0","9.0","5","200","200","200","35","240","586"
"234","0","0.0","7","53","67","60","50","75","50"
"235","0","8.0","8","60","80","70","15","85","467"
"236","0","7.0","4","85","105","95","40","160","300"
"237","0","7.0","4","0","0","0","35","45","29"
"238","1","6.0","7","0","0","0","0","0","0"
"239","1","0.0","5","0","0","0","0","0","0"
"240","0","4.33","5.75","62","72","67","35","110","214"
"241","0","10.0","10","65","71","68","150","105","-30"
"242","0","9.0","10","65","75","70","60","120","100"
"243","0","7.33","7","74","83","78","35","75","114"
"244","0","10.0","5","62","68","65","25","130","420"
"245","0","6.0","5","0","0","0","0","0","0"
"246","1","8.0","8","0","0","0","0","0","0"
"247","0","9.5","8.5","0","120","60","30","100","233"
"248","0","0.0","0","0","0","0","0","0","0"
"249","0","10.0","9.5","53","67","60","60","80","33"
"250","1","7.0","7","0","0","0","0","0","0"
"251","0","7.0","9","78","92","85","0","0","0"
"252","1","8.0","8","0","0","0","0","0","0"
"253","0","8.0","9","60","66","63","30","110","267"
"254","0","7.0","7","85","95","90","45","120","167"
"255","0","1.0","0","0","0","0","0","0","0"
"256","0","6.0","6","0","110","50","30","60","100"
"257","0","8.0","6","55","55","55","20","100","400"
"258","0","0.0","7","74","78","76","50","135","170"
"259","0","8.75","7","60","67","64","30","90","200"
"260","1","8.0","4","0","0","0","0","0","0"
"261","0","8.0","0","0","0","0","0","0","0"
"262","1","8.0","0","0","0","0","0","0","0"
"263","0","8.0","8.33","56","68","62","30","75","150"
"264","1","8.0","5","0","0","0","0","0","0"
"265","0","9.0","7","60","60","60","30","90","200"
"266","0","5.5","6","60","80","70","0","0","0"
"267","1","7.0","0","0","0","0","0","0","0"
"268","0","7.81","7","59","69","64","39","97","149"
"269","1","6.0","4","0","0","0","0","0","0"
"270","0","4.0","5","63","75","69","8","61","663"
"271","0","8.0","9","62","62","62","50","75","50"
"272","0","9.0","8.11","51","58","55","43","74","72"
"273","1","8.0","8","0","0","0","0","0","0"
"274","0","0.0","0","0","0","0","0","0","0"
"275","1","9.0","0","0","0","0","0","0","0"
"276","1","8.0","8","0","0","0","0","0","0"
"277","0","8.0","6","63","68","66","29","81","179"
"278","1","2.0","1","0","0","0","0","0","0"
"279","0","8.0","8","67","73","70","0","0","0"
"280","0","9.0","9","65","75","70","25","135","440"
"281","0","9.0","9","63","73","68","40","100","150"
"282","1","8.0","6","0","0","0","0","0","0"
"283","0","8.0","8","68","78","73","0","0","0"
"284","0","9.0","4","57","63","60","0","0","0"
"285","1","7.0","7","0","0","0","0","0","0"
"286","0","7.0","7","61","72","66","20","75","275"
"287","0","8.5","8","49","56","52","22","70","218"
"288","0","0.0","6.67","45","58","52","0","0","0"
"289","0","9.0","0","0","0","0","0","0","0"
"290","1","4.0","4","0","0","0","0","0","0"
"291","0","8.0","9","95","95","95","30","110","267"
"292","1","9.0","9","0","0","0","0","0","0"
"293","0","8.6","8","62","71","66","25","93","272"
"294","0","10.0","9","60","73","67","13","43","231"
"295","1","9.0","9","0","0","0","0","0","0"
"296","0","7.0","6","55","65","60","38","110","189"
"297","0","7.0","4","60","60","60","50","120","140"
"298","0","7.5","7","68","78","73","20","65","225"
"299","0","8.67","8","51","59","55","30","80","167"
"300","0","8.0","9","69","73","71","40","170","325"
"301","0","8.0","7","55","67","61","50","200","300"
"302","0","9.0","8","55","65","60","0","0","0"
"303","1","8.0","7","0","0","0","0","0","0"
"304","0","10.0","10","58","68","63","75","150","100"
"305","0","3.0","0","80","88","84","23","71","209"
"306","0","9.5","8","83","90","87","40","165","313"
"307","0","7.67","6.86","63","72","68","35","89","154"
"308","0","7.0","2","55","55","55","10","38","280"
"309","0","8.0","7","55","65","60","40","100","150"
"310","1","8.0","6.33","0","0","0","0","0","0"
"311","0","7.0","8","0","0","0","0","0","0"
"312","0","4.9","6.78","76","94","85","50","144","188"
"313","1","9.5","7","0","0","0","0","0","0"
"314","1","8.0","7","0","0","0","0","0","0"
"315","0","6.0","6","59","62","60","63","130","106"
"316","0","8.5","6.5","55","61","58","25","123","392"
"317","1","9.0","9","0","0","0","0","0","0"
"318","0","8.25","6.5","37","80","59","25","110","340"
"319","0","9.0","7","65","75","70","25","100","300"
"320","0","9.0","8","49","49","49","20","120","500"
"321","0","0.0","9","58","68","63","30","160","433"
"322","0","7.0","4","58","72","65","70","80","14"
"323","0","0.0","1.5","101","120","110","50","180","260"
"324","0","8.0","5.25","58","66","62","42","130","210"
"325","1","10.0","4","0","0","0","0","0","0"
"326","0","8.0","8","56","64","60","0","0","0"
"327","0","6.0","7","67","73","70","40","160","300"
"328","0","0.0","0","0","0","0","0","0","0"
"329","0","8.75","7","61","67","64","38","97","155"
"330","0","9.0","8","65","73","69","27","83","207"
"331","0","9.0","8.67","67","72","70","28","150","436"
"332","0","7.0","4","55","65","60","35","50","43"
"333","0","7.67","4","70","84","77","40","150","275"
"334","0","10.0","0","0","0","0","0","0","0"
"335","0","8.5","9","58","68","63","35","160","357"
"336","0","9.0","8","70","70","70","30","150","400"
"337","0","8.25","6","61","66","64","30","105","250"
"338","0","5.33","7.25","66","79","73","53","153","189"
"339","0","9.0","9","52","60","56","0","0","0"
"340","1","9.0","7.5","0","0","0","0","0","0"
"341","1","6.86","6.14","0","0","0","0","0","0"
"342","0","7.5","8","68","78","73","15","76","407"
"343","0","9.0","5","60","70","65","20","80","300"
"344","0","8.0","8","51","61","56","76","105","38"
"345","0","9.0","0","0","0","0","0","0","0"
"346","0","5.0","5","80","100","90","50","110","120"
"347","1","8.0","8","0","0","0","0","0","0"
"348","0","8.8","8.2","74","86","80","29","125","331"
"349","0","7.67","5","60","66","63","65","109","68"
"350","0","9.0","9","0","0","0","0","0","0"
"351","0","9.0","7","65","75","70","30","100","233"
"352","0","8.67","9","59","67","63","23","71","209"
"353","1","7.0","9","0","0","0","0","0","0"
"354","0","8.67","8.5","68","76","72","17","74","335"
"355","0","8.0","8","60","74","67","43","100","133"
"356","0","7.58","7.23","61","69","65","34","94","176"
"357","1","5.67","8","0","0","0","0","0","0"
"358","0","8.0","8","56","64","60","30","80","167"
"359","0","8.0","8","62","68","65","28","90","221"
"360","0","7.6","6.17","58","67","62","36","84","133"
"361","0","10.0","10","67","87","77","0","0","0"
"362","0","7.0","5","50","60","55","25","40","60"
"363","0","7.0","4.67","59","71","65","30","45","50"
"364","0","9.33","8.67","55","61","58","45","103","129"
"365","0","9.5","9","60","65","62","50","150","200"
"366","0","0.0","10","70","70","70","0","0","0"
"367","0","8.0","8","53","59","56","50","150","200"
"368","0","6.0","4","68","72","70","5","16","220"
"369","1","8.0","5","0","0","0","0","0","0"
"370","0","10.0","0","0","0","0","0","0","0"
"371","1","9.0","9","0","0","0","0","0","0"
"372","0","3.0","5.33","61","69","65","30","107","257"
"373","1","7.5","6.5","0","0","0","0","0","0"
"374","0","10.0","0","0","0","0","0","0","0"
"375","0","8.0","6.8","54","60","57","33","95","188"
"376","1","0.0","8","0","0","0","0","0","0"
"377","0","8.0","7","63","77","70","30","70","133"
"378","1","7.0","8","0","0","0","0","0","0"
"379","1","0.0","5","0","0","0","0","0","0"
"380","0","8.5","8","54","62","58","30","110","267"
"381","1","7.0","0","0","0","0","0","0","0"
"382","0","8.0","8.5","53","63","58","35","100","186"
"383","1","10.0","10","0","0","0","0","0","0"
"384","0","9.0","9","55","65","60","0","0","0"
"385","0","8.0","5.67","40","81","60","30","105","250"
"386","0","0.0","6","72","72","72","50","120","140"
"387","0","0.0","9","60","66","63","0","0","0"
"388","0","7.5","6.5","40","50","45","30","90","200"
"389","0","9.0","9","52","58","55","20","80","300"
"390","0","6.5","8","55","65","60","23","90","291"
"391","1","8.0","8","0","0","0","0","0","0"
"392","0","8.0","8","57","61","59","30","100","233"
"393","1","8.5","8","0","0","0","0","0","0"
"394","0","8.0","5","90","100","95","15","60","300"
"395","0","0.0","8","90","110","100","40","110","175"
"396","0","5.0","4","56","70","63","30","70","133"
"397","1","9.0","7.5","0","0","0","0","0","0"
"398","0","10.0","8.5","69","77","73","18","73","306"
"399","1","10.0","10","0","0","0","0","0","0"
"400","0","9.5","7","61","65","63","50","95","90"
"401","0","8.33","6.5","66","76","71","9","58","544"
"402","1","7.0","0","0","0","0","0","0","0"
"403","0","7.0","8","66","74","70","50","150","200"
"404","0","1.0","2","0","0","0","0","0","0"
"405","0","5.0","8","63","77","70","0","0","0"
"406","0","7.0","5.5","63","63","63","80","200","150"
"407","0","3.0","1","60","66","63","25","100","300"
"408","0","10.0","9","55","65","60","0","0","0"
"409","1","8.0","1","0","0","0","0","0","0"
"410","0","0.0","0","0","0","0","0","0","0"
"411","0","8.0","7","75","75","75","45","90","100"
"412","0","4.33","3.33","57","66","62","48","48","0"
"413","1","7.0","6","0","0","0","0","0","0"
"414","0","9.0","7","56","56","56","0","0","0"
"415","1","10.0","9","0","0","0","0","0","0"
"416","0","0.0","0","0","0","0","0","0","0"
"417","0","8.0","8","63","77","70","30","75","150"
"418","0","8.33","8.33","58","63","61","30","77","157"
"419","0","9.0","7.67","59","64","61","35","65","86"
"420","1","10.0","6","0","0","0","0","0","0"
"421","0","10.0","0","0","0","0","0","0","0"
"422","0","8.71","7.83","55","62","59","48","112","133"
"423","1","1.0","2","0","0","0","0","0","0"
"424","0","7.0","7","65","75","70","40","90","125"
"425","0","8.33","9","78","93","85","51","127","149"
"426","1","7.25","6.4","0","0","0","0","0","0"
"427","0","0.0","0","0","0","0","0","0","0"
"428","0","8.5","8","64","72","68","30","90","200"
"429","0","9.0","9","54","62","58","13","59","354"
"430","0","9.0","8","0","0","0","0","0","0"
"431","0","9.0","10","55","61","58","21","64","205"
"432","0","8.0","0","0","0","0","0","0","0"
"433","1","7.0","5","0","0","0","0","0","0"
"434","0","10.0","8","60","70","65","29","81","179"
"435","1","8.0","8","0","0","0","0","0","0"
"436","0","8.0","8","60","60","60","30","100","233"
"437","1","8.0","7","0","0","0","0","0","0"
"438","0","9.0","9","0","0","0","40","120","200"
"439","1","7.0","9","0","0","0","0","0","0"
"440","0","8.0","5","55","65","60","0","0","0"
"441","0","4.0","5","58","58","58","0","0","0"
"442","1","9.0","9","0","0","0","0","0","0"
"443","0","1.0","3","64","70","67","0","0","0"
"444","1","7.0","10","0","0","0","0","0","0"
"445","0","7.0","10","106","134","120","0","0","0"
"446","0","7.0","5","60","80","70","0","0","0"
"447","0","9.0","8","57","63","60","60","110","83"
"448","1","10.0","10","0","0","0","0","0","0"
"449","0","6.0","5","63","76","70","23","90","291"
"450","0","9.67","7.5","59","65","62","53","145","174"
"451","1","0.0","7","0","0","0","0","0","0"
"452","0","7.0","4.67","38","81","60","25","68","172"
"453","1","8.0","7","0","0","0","0","0","0"
"454","0","9.0","10","60","80","70","0","0","0"
"455","1","0.0","0","0","0","0","0","0","0"
"456","0","2.0","4","92","92","92","0","0","0"
"457","0","7.67","6.33","78","94","86","40","110","175"
"458","1","8.0","9","0","0","0","0","0","0"
"459","0","8.0","7.67","53","74","63","48","133","177"
"460","0","9.0","0","0","0","0","0","0","0"
"461","0","9.0","9","0","0","0","0","0","0"
"462","0","9.0","8","55","69","62","0","0","0"
"463","0","8.0","9","60","70","65","40","100","150"
"464","0","9.0","8","0","0","0","0","0","0"
"465","1","9.33","8","0","0","0","0","0","0"
"466","0","8.4","9","59","68","64","40","120","200"
"467","1","8.0","9","0","0","0","0","0","0"
"468","1","9.0","0","0","0","0","0","0","0"
"469","1","2.0","3","0","0","0","0","0","0"
"470","0","10.0","8","70","70","70","40","145","263"
"471","0","7.0","4","54","60","57","50","90","80"
"472","1","3.0","3","0","0","0","0","0","0"
"473","0","5.5","5.5","55","70","63","45","90","100"
"474","1","8.0","7.5","0","0","0","0","0","0"
"475","0","7.5","3","49","57","53","0","0","0"
"476","0","0.0","0","0","0","0","0","0","0"
"477","0","7.5","6.5","57","63","60","53","96","81"
"478","0","5.25","5.89","60","70","65","43","100","133"
"479","1","7.33","7.5","0","0","0","0","0","0"
"480","0","7.0","6","55","65","60","80","60","-25"
"481","0","10.0","7","73","87","80","0","0","0"
"482","0","5.0","7","50","60","55","0","0","0"
"483","0","8.44","7.36","62","72","67","56","111","98"
"484","0","4.0","2.67","66","77","72","50","118","136"
"485","0","7.71","8","56","69","62","39","101","159"
"486","1","9.0","8.5","0","0","0","0","0","0"
"487","0","6.0","7","61","65","63","20","25","25"
"488","0","4.8","4.2","70","74","72","20","70","250"
"489","1","8.0","7","0","0","0","0","0","0"
"490","0","6.5","6.5","65","80","73","28","110","293"
"491","0","0.0","0","90","90","90","10","8","-20"
"492","0","8.5","6.5","52","62","57","40","80","100"
"493","1","7.0","7","0","0","0","0","0","0"
"494","0","8.0","6","58","68","63","0","0","0"
"495","1","8.0","8","0","0","0","0","0","0"
"496","0","8.0","7","58","68","63","14","45","221"
"497","1","10.0","0","0","0","0","0","0","0"
"498","0","8.0","7","62","80","71","0","0","0"
"499","0","8.5","9","51","57","54","23","64","178"
"500","0","9.0","9","59","63","61","35","80","129"
"501","0","0.0","6","55","65","60","10","30","200"
"502","0","7.33","7.67","28","94","61","15","80","433"
"503","0","10.0","6","69","71","70","0","0","0"
"504","1","8.5","7.33","0","0","0","0","0","0"
"505","0","9.0","7","56","64","60","60","120","100"
"506","0","7.5","7.33","30","68","48","21","76","262"
"507","0","9.0","10","61","71","66","0","0","0"
"508","0","6.25","5.75","57","65","61","60","70","17"
"509","0","9.67","7","59","67","63","90","83","-8"
"510","0","8.0","7","49","63","56","30","60","100"
"511","0","8.13","7.43","57","66","62","22","70","218"
"512","0","9.29","7.92","56","61","58","21","83","295"
"513","1","9.25","7","0","0","0","0","0","0"
"514","0","8.75","6.2","58","62","60","34","88","159"
"515","0","8.0","5","53","67","60","0","0","0"
"516","0","9.0","0","0","0","0","0","0","0"
"517","0","0.0","9","68","72","70","28","90","221"
"518","0","9.0","0","0","0","0","0","0","0"
"519","0","10.0","5","55","55","55","0","0","0"
"520","0","10.0","10","50","60","55","60","80","33"
"521","0","0.0","4","56","64","60","25","120","380"
"522","0","6.5","8","63","71","67","0","0","0"
"523","0","5.0","4","0","0","0","0","0","0"
"524","0","7.25","5.55","67","73","70","41","83","102"
"525","1","6.5","6.5","0","0","0","0","0","0"
"526","0","7.0","7","55","62","58","56","122","118"
"527","0","8.25","7.5","59","66","63","39","48","23"
"528","0","9.25","8.11","56","66","61","34","80","135"
"529","1","9.0","5","0","0","0","0","0","0"
"530","0","9.0","9","49","56","52","21","65","210"
"531","0","8.63","6.5","57","63","60","36","93","158"
"532","1","9.0","9","0","0","0","0","0","0"
"533","0","8.0","8","70","74","72","0","0","0"
"534","0","7.0","5","0","0","0","0","0","0"
"535","0","8.0","7","50","60","55","40","90","125"
"536","0","6.0","6","53","60","56","21","64","205"
"537","1","9.0","8","0","0","0","0","0","0"
"538","0","8.0","7","54","62","58","0","0","0"
"539","0","8.0","0","55","65","60","0","0","0"
"540","0","7.69","7","45","63","54","31","75","142"
"541","1","9.0","0","0","0","0","0","0","0"
"542","0","9.0","7","55","80","68","0","0","0"
"543","0","8.5","6","65","75","70","30","130","333"
"544","0","8.0","6","53","60","56","24","69","188"
"545","0","8.0","8","63","69","66","51","80","57"
"546","1","7.0","6.5","0","0","0","0","0","0"
"547","0","9.0","6","69","71","70","0","0","0"
"548","0","6.0","4","55","65","60","0","0","0"
"549","0","8.38","7.88","51","61","56","34","95","179"
"550","1","9.0","8","0","0","0","0","0","0"
"551","0","5.7","5.6","55","62","58","33","95","188"
"552","1","7.0","7.5","0","0","0","0","0","0"
"553","0","9.0","0","0","0","0","0","0","0"
"554","0","8.5","7.78","56","63","59","30","70","133"
"555","1","8.33","6","0","0","0","0","0","0"
"556","0","9.0","8","67","76","71","35","130","271"
"557","0","9.0","9","48","62","55","0","0","0"
"558","0","9.0","9","64","72","68","28","120","329"
"559","0","9.0","8","55","65","60","50","150","200"
"560","0","8.0","7.4","65","73","69","29","68","134"
"561","0","9.0","3.5","62","82","72","20","75","275"
"562","0","7.5","8.5","53","68","61","0","0","0"
"563","1","4.0","2","0","0","0","0","0","0"
"564","0","7.0","8","45","55","50","0","0","0"
"565","0","0.0","0","0","0","0","0","0","0"
"566","0","4.0","5","73","73","73","53","80","51"
"567","0","7.75","8.5","52","59","55","70","138","97"
"568","1","7.64","6.85","0","0","0","0","0","0"
"569","0","8.0","9","56","70","63","70","150","114"
"570","0","6.33","6.33","58","62","60","34","83","144"
"571","0","8.0","8","57","66","62","15","83","453"
"572","0","7.67","7.67","80","100","90","48","94","96"
"573","0","8.5","7.75","64","72","68","33","130","294"
"574","0","7.5","5","60","67","63","80","160","100"
"575","0","7.0","7","56","64","60","35","120","243"
"576","0","8.0","6.2","70","81","75","36","143","297"
"577","0","7.0","6","60","73","66","24","87","263"
"578","1","7.0","5","0","0","0","0","0","0"
"579","0","9.5","8","60","72","66","25","100","300"
"580","0","2.0","0","0","0","0","0","0","0"
"581","0","9.0","8","64","74","69","20","90","350"
"582","0","8.11","8.75","59","66","63","33","101","206"
"583","1","8.0","9","0","0","0","0","0","0"
"584","0","8.5","8","55","64","59","30","60","100"
"585","1","7.0","8","0","0","0","0","0","0"
"586","0","7.0","2","0","0","0","0","0","0"
"587","0","8.0","8","56","64","60","30","110","267"
"588","0","7.0","0","0","0","0","0","0","0"
"589","0","8.0","7","75","85","80","35","80","129"
"590","0","8.0","7","56","70","63","0","0","0"
"591","0","4.67","7.75","69","75","72","58","64","10"
"592","1","7.0","5","0","0","0","0","0","0"
"593","0","6.0","6.5","66","71","68","28","70","150"
"594","0","7.33","5","63","77","70","25","111","344"
"595","1","7.0","5","0","0","0","0","0","0"
"596","0","8.67","6.75","58","63","61","28","85","204"
"597","0","8.0","7.25","60","68","64","43","80","86"
"598","0","0.0","0","0","0","0","0","0","0"
"599","0","8.0","0","0","0","0","0","0","0"
"600","1","8.0","0","0","0","0","0","0","0"
"601","1","7.5","8","0","0","0","0","0","0"
"602","0","8.0","8.29","49","58","53","42","68","62"
"603","1","8.25","8","0","0","0","0","0","0"
"604","0","10.0","8","55","65","60","35","70","100"
"605","0","8.0","6","0","0","0","0","0","0"
"606","0","8.0","7.33","63","79","71","37","105","184"
"607","1","9.0","9","0","0","0","0","0","0"
"608","0","0.0","10","180","220","200","20","180","800"
"609","0","7.0","7","64","70","67","25","80","220"
"610","0","9.0","9","85","85","85","0","0","0"
"611","0","8.9","8.9","65","72","68","29","102","252"
"612","0","9.0","9","64","76","70","0","0","0"
"613","0","9.0","9","0","0","0","0","0","0"
"614","1","8.71","8.1","0","0","0","0","0","0"
"615","0","3.0","8","53","67","60","50","80","60"
"616","1","4.5","5","0","0","0","0","0","0"
"617","0","3.0","8","75","85","80","30","80","167"
"618","0","6.0","7","55","61","58","0","0","0"
"619","0","9.0","7.33","53","62","58","41","88","115"
"620","1","9.0","7","0","0","0","0","0","0"
"621","0","9.0","8","56","63","59","60","165","175"
"622","1","0.0","6","0","0","0","0","0","0"
"623","0","10.0","10","80","90","85","50","120","140"
"624","0","7.0","6.5","51","57","54","22","75","241"
"625","1","2.0","7","0","0","0","0","0","0"
"626","0","0.0","8","66","69","68","35","83","137"
"627","0","9.0","9","84","96","90","40","110","175"
"628","1","0.0","8","0","0","0","0","0","0"
"629","0","2.0","0","0","0","0","0","0","0"
"630","1","0.0","1","0","0","0","0","0","0"
"631","0","8.0","6.5","30","90","60","31","68","119"
"632","1","8.0","5","0","0","0","0","0","0"
"633","0","9.0","3","60","70","65","0","0","0"
"634","0","0.0","7","49","55","52","22","75","241"
"635","0","2.0","4","82","99","91","51","101","98"
"636","0","6.5","5.67","54","56","55","35","75","114"
"637","1","0.0","0","0","0","0","0","0","0"
"638","0","8.0","4","0","0","0","40","120","200"
"639","0","2.0","1","60","70","65","30","50","67"
"640","1","8.0","5","0","0","0","0","0","0"
"641","0","8.5","9","0","0","0","0","0","0"
"642","1","7.0","10","0","0","0","0","0","0"
"643","1","9.0","8","0","0","0","0","0","0"
"644","0","8.0","8","55","65","60","10","16","60"
"645","0","9.0","9","52","62","57","30","70","133"
"646","0","6.33","6.71","58","69","63","36","94","161"
"647","1","9.0","9","0","0","0","0","0","0"
"648","0","6.0","5","58","72","65","11","95","764"
"649","1","6.0","4","0","0","0","0","0","0"
"650","0","0.0","8","48","58","53","35","90","157"
"651","0","6.0","6","60","64","62","0","0","0"
"652","1","3.0","5","0","0","0","0","0","0"
"653","0","7.0","5","55","65","60","0","0","0"
"654","0","8.83","6.4","57","64","60","35","78","123"
"655","0","5.0","7","60","70","65","20","65","225"
"656","0","6.25","6.11","47","71","59","31","93","200"
"657","1","6.0","5","0","0","0","0","0","0"
"658","0","9.0","9","70","70","70","30","120","300"
"659","0","9.0","8.33","56","64","60","35","130","271"
"660","0","9.0","0","0","0","0","0","0","0"
"661","0","6.0","5","65","75","70","12","60","400"
"662","1","10.0","8","0","0","0","0","0","0"
"663","0","8.0","7","65","78","72","35","107","206"
"664","1","10.0","10","0","0","0","0","0","0"
"665","1","10.0","6","0","0","0","0","0","0"
"666","0","7.5","8","65","80","73","30","151","403"
"667","1","3.0","7","0","0","0","0","0","0"
"668","0","7.0","8","55","64","59","45","95","111"
"669","0","0.0","5","58","62","60","15","60","300"
"670","0","7.0","6","50","60","55","20","80","300"
"671","1","9.0","7.5","0","0","0","0","0","0"
"672","1","9.0","9","0","0","0","0","0","0"
"673","1","7.0","7","0","0","0","0","0","0"
"674","0","4.0","6","47","57","52","60","100","67"
"675","0","7.0","7","60","70","65","0","0","0"
"676","1","8.0","7","0","0","0","0","0","0"
"677","0","6.0","7.25","57","68","63","28","100","257"
"678","1","9.0","7","0","0","0","0","0","0"
"679","1","9.0","5","0","0","0","0","0","0"
"680","0","9.0","8","68","82","75","25","120","380"
"681","0","9.0","8.25","64","73","68","45","96","113"
"682","0","9.5","3","44","50","47","10","60","500"
"683","0","8.0","9","58","58","58","0","0","0"
"684","0","2.0","0","70","84","77","0","0","0"
"685","1","9.0","7","0","0","0","0","0","0"
"686","0","8.0","7.5","58","67","63","31","113","265"
"687","0","9.0","9","64","70","67","30","90","200"
"688","0","7.0","3","47","53","50","25","120","380"
"689","1","10.0","8","0","0","0","0","0","0"
"690","0","9.5","5.5","59","71","65","35","75","114"
"691","0","7.5","7.5","61","66","63","28","95","239"
"692","0","10.0","9","50","62","56","40","85","113"
"693","0","8.27","6.5","55","71","63","37","106","186"
"694","1","7.0","0","0","0","0","0","0","0"
"695","0","0.0","5","63","69","66","0","0","0"
"696","0","7.33","5.33","71","74","73","18","40","122"
"697","0","9.0","9","0","110","50","30","110","267"
"698","1","10.0","8","0","0","0","0","0","0"
"699","0","8.5","9","73","93","83","60","120","100"
"700","0","8.0","8","63","77","70","0","0","0"
"701","0","7.88","7.8","58","67","62","38","91","139"
"702","1","8.5","8","0","0","0","0","0","0"
"703","0","7.5","6","64","64","64","0","0","0"
"704","0","5.0","5","57","63","60","30","120","300"
"705","0","6.5","6","53","61","57","40","75","88"
"706","1","0.0","0","0","0","0","0","0","0"
"707","0","0.0","9","68","74","71","30","135","350"
"708","0","9.0","9","47","57","52","0","0","0"
"709","1","6.0","8","0","0","0","0","0","0"
"710","0","9.75","8.71","58","67","62","29","94","224"
"711","1","9.0","9","0","0","0","0","0","0"
"712","0","7.0","7","50","70","60","0","0","0"
"713","0","8.0","8","65","75","70","150","250","67"
"714","0","8.0","7","0","0","0","0","0","0"
"715","0","5.67","5","64","73","68","33","113","242"
"716","0","0.0","6","63","77","70","90","200","122"
"717","1","9.0","7","0","0","0","0","0","0"
"718","0","8.0","7","62","74","68","40","110","175"
"719","0","9.0","7.67","55","64","59","55","130","136"
"720","1","10.0","7","0","0","0","0","0","0"
"721","0","9.0","9","59","63","61","0","0","0"
"722","0","7.64","7.45","63","68","65","33","77","133"
"723","1","9.0","7.5","0","0","0","0","0","0"
"724","0","7.0","0","0","0","0","0","0","0"
"725","1","9.0","6","0","0","0","0","0","0"
"726","0","8.25","7.75","58","66","62","31","62","100"
"727","1","7.0","6","0","0","0","0","0","0"
"728","1","10.0","10","0","0","0","0","0","0"
"729","0","7.0","7","73","77","75","25","150","500"
"730","1","10.0","9","0","0","0","0","0","0"
"731","0","6.67","7","58","64","61","52","96","85"
"732","0","9.0","9","84","98","91","40","110","175"
"733","0","8.0","8","67","73","70","0","0","0"
"734","0","7.44","7.71","55","67","61","32","98","206"
"735","1","7.0","7.33","0","0","0","0","0","0"
"736","1","2.0","3","0","0","0","0","0","0"
"737","0","8.0","7","60","66","63","0","0","0"
"738","0","10.0","8","63","67","65","35","110","214"
"739","0","8.0","7","85","95","90","30","130","333"
"740","0","8.0","8","53","63","58","30","110","267"
"741","0","9.5","7","60","66","63","30","80","167"
"742","1","9.0","9","0","0","0","0","0","0"
"743","1","9.0","8","0","0","0","0","0","0"
"744","0","7.0","8","51","61","56","25","75","200"
"745","1","8.0","9","0","0","0","0","0","0"
"746","0","2.0","8","90","110","100","40","180","350"
"747","0","10.0","8","68","73","70","0","0","0"
"748","0","8.0","0","0","0","0","0","0","0"
"749","0","7.14","6.13","63","70","66","32","83","159"
"750","1","8.0","8","0","0","0","0","0","0"
"751","0","7.0","5.5","52","64","58","25","85","240"
"752","0","8.33","6","53","59","56","20","100","400"
"753","0","5.0","6","73","78","75","48","180","275"
"754","0","8.0","0","0","0","0","0","0","0"
"755","0","8.67","7.5","60","63","62","0","0","0"
"756","0","0.0","0","0","0","0","0","0","0"
"757","0","7.67","5.5","54","61","58","50","115","130"
"758","0","8.4","7.85","52","65","58","27","85","215"
"759","1","8.5","7.5","0","0","0","0","0","0"
"760","0","8.0","0","0","0","0","0","0","0"
"761","0","8.0","7","60","60","60","0","0","0"
"762","0","6.44","6.56","57","64","61","48","95","98"
"763","1","7.5","7","0","0","0","0","0","0"
"764","0","5.67","7.2","60","69","65","23","117","409"
"765","0","0.0","6","0","0","0","0","0","0"
"766","0","0.0","5","60","80","70","0","0","0"
"767","0","9.0","8.67","59","63","61","26","88","238"
"768","1","7.0","8","0","0","0","0","0","0"
"769","0","6.67","4.5","51","59","55","22","54","145"
"770","0","8.75","8.25","51","58","54","25","83","232"
"771","1","9.0","9","0","0","0","0","0","0"
"772","0","6.33","6.6","70","78","74","49","138","182"
"773","1","5.5","4.5","0","0","0","0","0","0"
"774","0","8.0","6","56","62","59","55","115","109"
"775","0","9.0","7.67","68","82","75","39","120","208"
"776","0","4.5","4.5","43","57","50","30","55","83"
"777","0","7.78","6.64","82","96","89","33","151","358"
"778","0","7.0","7","52","68","60","20","75","275"
"779","1","8.0","7","0","0","0","0","0","0"
"780","0","2.25","2.67","58","65","62","49","90","84"
"781","1","3.5","3.75","0","0","0","0","0","0"
"782","0","5.33","4.5","56","64","60","32","86","169"
"783","1","4.0","4","0","0","0","0","0","0"
"784","0","9.0","7","55","65","60","0","0","0"
"785","0","9.0","7","75","95","85","30","160","433"
"786","1","6.0","6","0","0","0","0","0","0"
"787","0","7.0","5","63","67","65","40","120","200"
"788","0","10.0","6","0","0","0","40","130","225"
"789","0","4.0","4","50","60","55","25","65","160"
"790","0","8.33","8.5","45","58","52","28","48","71"
"791","1","7.0","6","0","0","0","0","0","0"
"792","0","7.0","8","53","63","58","80","30","-63"
"793","0","10.0","8","40","50","45","30","65","117"
"794","0","8.75","6.75","60","70","65","35","95","171"
"795","0","6.0","0","58","65","61","16","35","119"
"796","1","8.5","4","0","0","0","0","0","0"
"797","0","7.0","8","65","75","70","30","70","133"
"798","0","6.5","6","53","59","56","38","65","71"
"799","1","0.0","8","0","0","0","0","0","0"
"800","0","8.0","7","80","120","100","0","0","0"
"801","1","9.0","7","0","0","0","0","0","0"
"802","1","8.0","7","0","0","0","0","0","0"
"803","1","1.5","1.5","0","0","0","0","0","0"
"804","0","0.0","0","0","0","0","0","0","0"
"805","0","7.5","7","53","58","56","15","80","433"
"806","0","3.0","3","56","56","56","40","120","200"
"807","0","7.0","7","60","70","65","0","0","0"
"808","0","9.5","8","77","91","84","40","180","350"
"809","1","7.0","8","0","0","0","0","0","0"
"810","0","7.29","3.17","47","54","50","18","46","156"
"811","1","3.0","3","0","0","0","0","0","0"
"812","0","0.0","0","0","0","0","0","0","0"
"813","0","9.0","8.75","68","75","72","33","100","203"
"814","0","7.11","6.57","60","66","63","37","87","135"
"815","1","6.0","6","0","0","0","0","0","0"
"816","0","7.33","8.33","68","83","75","30","90","200"
"817","0","5.5","4.33","52","59","55","58","70","21"
"818","0","7.67","7.5","63","70","67","27","120","344"
"819","0","0.0","6","60","60","60","0","0","0"
"820","0","0.0","0","50","70","60","25","110","340"
"821","0","4.0","5.5","64","67","65","28","55","96"
"822","1","6.0","8","0","0","0","0","0","0"
"823","0","7.5","7.75","60","67","63","37","104","181"
"824","1","8.67","8.75","0","0","0","0","0","0"
"825","0","9.0","7.5","57","63","60","53","95","79"
"826","0","6.0","5","59","69","64","1","75","7400"
"827","0","9.0","7","53","59","56","0","0","0"
"828","0","7.0","6","60","70","65","80","120","50"
"829","1","5.5","4","0","0","0","0","0","0"
"830","0","7.5","6.6","58","68","63","54","79","46"
"831","0","0.0","8","60","70","65","35","120","243"
"832","0","10.0","3","103","117","110","0","100","0"
"833","1","6.0","7","0","0","0","0","0","0"
"834","0","10.0","0","0","0","0","0","0","0"
"835","1","10.0","7","0","0","0","0","0","0"
"836","1","1.0","3","0","0","0","0","0","0"
"837","1","0.0","0","0","0","0","0","0","0"
"838","1","7.67","6","0","0","0","0","0","0"
"839","1","9.0","8","0","0","0","0","0","0"
"840","1","6.0","6","0","0","0","0","0","0"
"841","0","8.0","8","57","63","60","0","0","0"
"842","0","5.67","4.4","62","66","64","18","73","306"
"843","1","7.0","9","0","0","0","0","0","0"
"844","0","8.5","9","61","66","63","58","90","55"
"845","0","7.0","7","60","73","67","43","163","279"
"846","1","8.63","8","0","0","0","0","0","0"
"847","0","10.0","8","40","50","45","40","80","100"
"848","1","8.0","8","0","0","0","0","0","0"
"849","0","8.0","4","52","58","55","50","80","60"
"850","0","8.0","7","49","63","56","0","0","0"
"851","1","6.0","7","0","0","0","0","0","0"
"852","0","9.5","9","62","74","68","0","0","0"
"853","1","7.0","8","0","0","0","0","0","0"
"854","0","5.25","6.67","51","58","55","33","76","130"
"855","0","5.67","6.25","54","66","60","38","118","211"
"856","1","8.0","6","0","0","0","0","0","0"
"857","0","0.0","0","0","0","0","0","0","0"
"858","0","9.0","9","65","75","70","35","90","157"
"859","0","9.0","0","0","0","0","0","0","0"
"860","0","0.0","9","96","100","98","35","120","243"
"861","0","8.67","6","61","65","63","0","0","0"
"862","1","7.25","7.75","0","0","0","0","0","0"
"863","0","6.2","3.5","58","66","62","45","90","100"
"864","1","7.0","6","0","0","0","0","0","0"
"865","0","6.0","7","70","80","75","20","100","400"
"866","0","10.0","9","49","63","56","80","180","125"
"867","1","9.0","7.67","0","0","0","0","0","0"
"868","0","6.0","7","73","77","75","0","0","0"
"869","0","9.0","9.5","58","67","63","45","165","267"
"870","0","5.0","4","42","56","49","35","75","114"
"871","0","0.0","0","0","0","0","0","0","0"
"872","0","9.0","7","53","57","55","13","28","115"
"873","1","5.0","3","0","0","0","0","0","0"
"874","0","7.0","6.33","63","73","68","28","80","186"
"875","0","9.0","9","60","70","65","0","0","0"
"876","0","1.33","3","49","63","56","25","48","92"
"877","1","7.0","9","0","0","0","0","0","0"
"878","0","8.0","9","70","70","70","20","140","600"
"879","0","0.0","0","0","0","0","0","0","0"
"880","0","8.0","7","65","75","70","40","100","150"
"881","1","10.0","7","0","0","0","0","0","0"
"882","0","7.2","8.33","61","74","68","37","86","132"
"883","0","0.0","0","0","0","0","0","0","0"
"884","0","10.0","8.5","67","78","73","20","80","300"
"885","0","9.0","9","58","62","60","70","30","-57"
"886","1","7.0","7","0","0","0","0","0","0"
"887","0","9.0","8","0","0","0","0","0","0"
"888","1","8.67","7","0","0","0","0","0","0"
"889","0","0.0","0","0","0","0","0","0","0"
"890","0","6.11","5.75","56","61","59","30","107","257"
"891","1","8.0","7","0","0","0","0","0","0"
"892","0","6.0","5","60","66","63","15","55","267"
"893","0","0.0","10","55","65","60","0","0","0"
"894","0","2.0","5","56","60","58","20","85","325"
"895","0","5.33","4.67","65","75","70","0","0","0"
"896","0","8.5","10","50","56","53","13","38","192"
"897","1","7.0","5","0","0","0","0","0","0"
"898","0","9.0","9","56","66","61","0","0","0"
"899","1","8.0","8","0","0","0","0","0","0"
"900","0","2.0","4","63","77","70","30","120","300"
"901","0","6.44","5.81","57","65","61","32","113","253"
"902","1","7.0","7","0","0","0","0","0","0"
"903","0","0.0","0","0","0","0","0","0","0"
"904","0","8.33","7","55","65","60","30","83","177"
"905","0","7.0","8.5","58","67","63","70","65","-7"
"906","1","8.0","9","0","0","0","0","0","0"
"907","0","6.0","6","110","130","120","0","0","0"
"908","0","0.0","0","0","0","0","0","0","0"
"909","1","6.5","2","0","0","0","0","0","0"
"910","0","7.0","6","53","61","57","30","90","200"
"911","0","3.0","3","45","65","55","45","80","78"
"912","0","7.29","6.13","60","68","64","23","96","317"
"913","1","9.0","7.5","0","0","0","0","0","0"
"914","0","2.0","2","70","70","70","0","0","0"
"915","1","8.0","8","0","0","0","0","0","0"
"916","0","10.0","7","55","65","60","0","0","0"
"917","1","5.0","5","0","0","0","0","0","0"
"918","1","10.0","9","0","0","0","0","0","0"
"919","0","0.0","0","0","0","0","0","0","0"
"920","1","4.0","3","0","0","0","0","0","0"
"921","0","2.5","3","53","53","53","30","160","433"
"922","1","7.0","7","0","0","0","0","0","0"
"923","0","10.0","8","65","75","70","0","0","0"
"924","0","9.0","9","63","77","70","0","0","0"
"925","0","8.33","8","77","94","85","41","85","107"
"926","1","7.0","6","0","0","0","0","0","0"
"927","0","8.5","6.5","51","68","59","24","56","133"
"928","1","7.0","8","0","0","0","0","0","0"
"929","0","9.0","7.67","68","78","73","43","111","158"
"930","0","0.0","0","0","0","0","0","0","0"
"931","1","7.0","3","0","0","0","0","0","0"
"932","0","0.0","9","65","75","70","30","125","317"
"933","0","8.0","0","0","0","0","0","0","0"
"934","0","8.5","9","74","78","76","0","0","0"
"935","0","10.0","7","53","67","60","30","60","100"
"936","0","0.0","8","60","68","64","35","150","329"
"937","0","10.0","9","57","63","60","30","80","167"
"938","1","8.0","9","0","0","0","0","0","0"
"939","0","0.0","3","55","65","60","15","30","100"
"940","1","3.0","4.5","0","0","0","0","0","0"
"941","0","10.0","10","0","0","0","0","0","0"
"942","0","0.0","0","0","0","0","0","0","0"
"943","0","8.5","7.5","29","94","62","26","120","362"
"944","0","8.0","9","63","69","66","0","0","0"
"945","1","9.0","9","0","0","0","0","0","0"
"946","0","10.0","0","0","0","0","0","0","0"
"947","0","7.0","7.5","48","65","56","0","0","0"
"948","1","7.0","5","0","0","0","0","0","0"
"949","1","7.5","8","0","0","0","0","0","0"
"950","0","4.0","7","73","77","75","0","0","0"
"951","0","1.0","3","63","67","65","0","0","0"
"952","0","9.5","9","52","62","57","60","120","100"
"953","1","8.0","7","0","0","0","0","0","0"
"954","1","9.0","7","0","0","0","0","0","0"
"955","0","0.0","0","0","0","0","0","0","0"
"956","0","9.0","8.5","56","70","63","37","115","211"
"957","1","7.0","6","0","0","0","0","0","0"
"958","0","9.0","9","58","68","63","30","60","100"
"959","1","7.0","6","0","0","0","0","0","0"
"960","0","9.5","8.33","72","84","78","35","115","229"
"961","0","7.0","6","0","0","0","40","122","205"
"962","0","9.0","9","85","85","85","30","110","267"
"963","0","8.5","7.5","56","63","59","35","98","180"
"964","1","9.0","8","0","0","0","0","0","0"
"965","0","10.0","6","60","70","65","30","75","150"
"966","0","0.0","0","0","0","0","0","0","0"
"967","0","9.0","8","53","67","60","15","60","300"
"968","0","8.0","8","0","116","56","0","0","0"
"969","0","0.0","0","0","0","0","0","0","0"
"970","0","8.5","8","85","97","91","0","0","0"
"971","1","9.5","8","0","0","0","0","0","0"
"972","0","8.0","6","42","70","56","0","0","0"
"973","0","6.0","5.5","61","71","66","17","90","429"
"974","0","7.0","9","65","75","70","20","100","400"
"975","0","9.0","0","0","0","0","0","0","0"
"976","1","9.0","7","0","0","0","0","0","0"
"977","0","7.0","8","65","71","68","30","110","267"
"978","0","8.0","0","0","0","0","0","0","0"
"979","0","7.0","6","50","64","57","40","120","200"
"980","0","8.0","7","54","60","57","0","0","0"
"981","0","8.0","8","59","67","63","37","150","305"
"982","1","0.0","7","0","0","0","0","0","0"
"983","0","8.0","5","70","70","70","40","60","50"
"984","0","6.0","6","55","65","60","35","50","43"
"985","0","9.0","5.5","75","75","75","20","80","300"
"986","1","7.0","6","0","0","0","0","0","0"
"987","0","8.5","7","66","70","68","25","60","140"
"988","0","5.0","4","63","77","70","0","0","0"
"989","0","9.5","7","60","67","63","27","65","141"
"990","0","8.0","0","0","0","0","0","0","0"
"991","0","8.0","8","57","67","62","26","66","154"
"992","1","9.0","6","0","0","0","0","0","0"
"993","0","10.0","9","104","106","105","50","200","300"
"994","0","0.0","0","0","0","0","0","0","0"
"995","0","8.0","8","58","66","62","40","78","95"
"996","0","8.0","6","68","72","70","35","110","214"
"997","0","9.0","9","58","72","65","90","40","-56"
"998","1","5.0","1","0","0","0","0","0","0"
"999","0","5.0","4","0","0","0","0","0","0"
"1000","1","7.67","7.5","0","0","0","0","0","0"
"1001","0","8.0","7.67","61","66","63","80","120","50"
"1002","0","7.0","6","63","63","63","25","90","260"
"1003","1","6.5","7","0","0","0","0","0","0"
"1004","0","0.0","9","52","58","55","35","75","114"
"1005","0","3.33","7","61","66","64","33","74","124"
"1006","0","6.0","6.5","59","63","61","30","70","133"
"1007","1","2.0","3","0","0","0","0","0","0"
"1008","0","9.0","7.9","50","63","57","38","104","174"
"1009","1","9.0","9","0","0","0","0","0","0"
"1010","0","7.5","7","59","68","64","35","73","109"
"1011","0","8.4","6.6","51","57","54","35","102","191"
"1012","1","5.0","4.5","0","0","0","0","0","0"
"1013","0","10.0","0","0","0","0","0","0","0"
"1014","0","4.8","5.5","58","69","63","23","88","283"
"1015","0","9.5","8.33","60","69","64","45","110","144"
"1016","1","5.0","0","0","0","0","0","0","0"
"1017","0","8.18","6.91","56","63","60","30","89","197"
"1018","1","9.5","8","0","0","0","0","0","0"
"1019","1","9.0","0","0","0","0","0","0","0"
"1020","0","10.0","7","55","65","60","18","90","400"
"1021","0","8.0","7","55","75","65","35","130","271"
"1022","1","8.0","7","0","0","0","0","0","0"
"1023","0","5.0","5","60","66","63","20","75","275"
"1024","0","0.0","9","77","91","84","21","128","510"
"1025","0","7.0","7","58","68","63","62","77","24"
"1026","0","6.0","6","48","72","60","35","80","129"
"1027","0","8.0","6.45","60","73","67","27","115","326"
"1028","1","7.5","4.5","0","0","0","0","0","0"
"1029","0","7.5","6.67","58","62","60","23","87","278"
"1030","0","9.0","6","50","59","55","21","68","224"
"1031","1","7.0","7","0","0","0","0","0","0"
"1032","0","9.0","9","55","65","60","100","130","30"
"1033","0","5.25","6.75","57","66","61","29","101","248"
"1034","0","9.0","8","60","60","60","0","0","0"
"1035","0","0.0","7","65","75","70","35","120","243"
"1036","0","8.0","8","58","66","62","30","71","137"
"1037","0","7.0","7","52","59","55","37","120","224"
"1038","0","7.0","0","0","0","0","0","0","0"
"1039","1","7.5","9","0","0","0","0","0","0"
"1040","0","8.0","6","55","65","60","40","65","63"
"1041","0","9.5","8.71","64","71","68","34","117","244"
"1042","0","0.0","0","0","0","0","0","0","0"
"1043","0","7.14","7.8","59","66","63","33","92","179"
"1044","1","8.0","9","0","0","0","0","0","0"
"1045","0","10.0","7","45","61","53","20","80","300"
"1046","1","8.0","7","0","0","0","0","0","0"
"1047","0","8.0","0","0","0","0","0","0","0"
"1048","0","8.5","7","63","73","68","34","133","291"
"1049","0","9.0","7.5","52","61","56","25","130","420"
"1050","0","9.14","7.75","58","65","62","38","89","134"
"1051","1","8.0","7","0","0","0","0","0","0"
"1052","0","8.0","8.25","63","80","72","0","0","0"
"1053","1","8.0","7","0","0","0","0","0","0"
"1054","0","8.75","6.25","53","58","56","32","67","109"
"1055","1","7.0","6","0","0","0","0","0","0"
"1056","0","6.0","0","0","0","0","0","0","0"
"1057","0","7.33","6.33","61","73","67","25","68","172"
"1058","0","7.6","6.4","56","65","60","42","85","102"
"1059","1","8.5","7.5","0","0","0","0","0","0"
"1060","0","7.0","8","54","58","56","31","67","116"
"1061","0","8.92","8.4","73","83","78","45","125","178"
"1062","1","7.5","8","0","0","0","0","0","0"
"1063","0","10.0","5","60","70","65","0","0","0"
"1064","0","3.0","3","50","70","60","0","0","0"
"1065","1","8.0","2","0","0","0","0","0","0"
"1066","0","7.54","7.09","61","71","66","35","103","194"
"1067","1","7.5","8.33","0","0","0","0","0","0"
"1068","0","9.0","10","57","61","59","18","73","306"
"1069","1","0.0","8","0","0","0","0","0","0"
"1070","0","9.0","0","0","0","0","15","50","233"
"1071","1","8.67","7.67","0","0","0","0","0","0"
"1072","0","9.0","8.71","57","68","62","44","77","75"
"1073","0","9.0","6.5","53","56","55","28","95","239"
"1074","1","0.0","0","0","0","0","0","0","0"
"1075","1","9.0","7","0","0","0","0","0","0"
"1076","0","9.5","7","63","66","65","28","90","221"
"1077","1","8.0","7.5","0","0","0","0","0","0"
"1078","0","5.75","6.67","59","66","63","28","133","375"
"1079","1","10.0","8","0","0","0","0","0","0"
"1080","0","8.0","9","110","116","113","45","80","78"
"1081","1","6.0","6","0","0","0","0","0","0"
"1082","0","0.0","0","0","0","0","0","0","0"
"1083","0","9.0","8","59","68","63","23","70","204"
"1084","1","7.5","5","0","0","0","0","0","0"
"1085","0","7.25","6.5","53","63","58","28","75","168"
"1086","1","8.0","3","0","0","0","0","0","0"
"1087","1","7.0","7","0","0","0","0","0","0"
"1088","0","8.0","7.5","53","60","57","20","60","200"
"1089","0","7.0","7.5","54","59","57","45","105","133"
"1090","1","4.5","5","0","0","0","0","0","0"
"1091","0","8.5","5.25","63","71","67","34","104","206"
"1092","0","10.0","9","56","64","60","0","0","0"
"1093","0","6.0","5","54","62","58","35","75","114"
"1094","1","6.75","8","0","0","0","0","0","0"
"1095","0","7.73","7.67","58","67","63","33","86","161"
"1096","0","7.67","8","60","70","65","11","77","600"
"1097","0","5.86","5.82","58","65","62","41","82","100"
"1098","0","5.57","5.86","61","73","67","37","108","192"
"1099","0","8.0","7","57","66","61","28","78","179"
"1100","0","8.33","8","72","82","77","48","145","202"
"1101","0","6.5","6.5","53","63","58","40","118","195"
"1102","0","9.5","7.5","61","69","65","35","130","271"
"1103","0","7.0","6.5","51","64","58","25","45","80"
"1104","0","7.0","6","62","68","65","20","65","225"
"1105","0","6.5","6.5","55","55","55","15","50","233"
"1106","0","8.0","8","65","75","70","0","0","0"
"1107","0","9.09","8.08","67","74","70","32","111","247"
"1108","1","9.0","9","0","0","0","0","0","0"
"1109","0","8.67","5.67","54","57","56","32","88","175"
"1110","1","8.0","6","0","0","0","0","0","0"
"1111","0","0.0","5","70","70","70","0","0","0"
"1112","0","8.14","7.86","71","82","77","29","116","300"
"1113","1","9.0","8","0","0","0","0","0","0"
"1114","0","6.0","0","0","0","0","0","0","0"
"1115","0","9.0","8","46","56","51","15","45","200"
"1116","0","10.0","10","75","85","80","30","80","167"
"1117","0","6.71","5.63","62","72","67","25","86","244"
"1118","1","7.0","5","0","0","0","0","0","0"
"1119","0","7.5","8","58","66","62","30","70","133"
"1120","1","8.0","0","0","0","0","0","0","0"
"1121","0","7.5","6.5","48","57","52","45","65","44"
"1122","0","9.0","7","60","70","65","140","30","-79"
"1123","0","5.0","4","59","76","68","25","80","220"
"1124","1","9.0","7","0","0","0","0","0","0"
"1125","0","8.33","7.57","60","68","64","34","75","121"
"1126","0","8.0","6.75","56","64","60","33","83","152"
"1127","0","8.0","6","57","63","60","60","120","100"
"1128","0","0.0","0","0","0","0","0","0","0"
"1129","0","0.0","7","55","65","60","20","50","150"
"1130","0","7.0","6","64","70","67","0","0","0"
"1131","0","8.29","6.57","60","73","67","26","67","158"
"1132","1","6.0","6","0","0","0","0","0","0"
"1133","1","7.0","0","0","0","0","0","0","0"
"1134","0","7.0","0","0","0","0","0","0","0"
"1135","0","3.0","4","70","78","74","24","80","233"
"1136","0","9.0","7","60","70","65","40","120","200"
"1137","0","8.0","9","104","112","108","0","0","0"
"1138","0","5.0","0","0","0","0","0","0","0"
"1139","1","9.0","8","0","0","0","0","0","0"
"1140","1","7.0","6","0","0","0","0","0","0"
"1141","0","3.0","9","0","0","0","0","0","0"
"1142","0","9.0","7","70","80","75","20","150","650"
"1143","0","0.0","0","0","0","0","0","0","0"
"1144","0","8.5","6.5","55","65","60","60","120","100"
"1145","0","6.0","5.5","58","68","63","30","120","300"
"1146","0","9.0","7.5","66","71","69","38","80","111"
"1147","0","6.0","4","65","75","70","40","140","250"
"1148","0","7.6","7.2","55","67","61","60","95","58"
"1149","0","10.0","5","60","70","65","0","0","0"
"1150","0","0.0","7","42","48","45","0","0","0"
"1151","0","7.0","8","63","77","70","50","100","100"
"1152","0","8.0","9","80","90","85","85","100","18"
"1153","0","9.0","8","49","63","56","25","90","260"
"1154","0","10.0","10","45","55","50","40","120","200"
"1155","0","3.0","1","63","63","63","0","0","0"
"1156","1","8.0","8","0","0","0","0","0","0"
"1157","0","0.0","6","53","67","60","0","0","0"
"1158","1","0.0","0","0","0","0","0","0","0"
"1159","0","8.5","8","65","75","70","37","149","303"
"1160","0","7.0","5","70","72","71","30","75","150"
"1161","0","10.0","10","74","86","80","0","0","0"
"1162","0","6.0","7","0","0","0","35","90","157"
"1163","1","9.0","6","0","0","0","0","0","0"
"1164","0","8.0","6","54","61","57","0","0","0"
"1165","0","5.0","3","58","58","58","0","0","0"
"1166","1","8.5","7","0","0","0","0","0","0"
"1167","0","8.0","7","56","70","63","0","0","0"
"1168","1","8.0","8","0","0","0","0","0","0"
"1169","0","0.0","0","0","0","0","0","0","0"
"1170","1","9.0","8.5","0","0","0","0","0","0"
"1171","0","8.0","6","53","59","56","50","80","60"
"1172","0","9.0","4","59","71","65","63","98","56"
"1173","0","9.0","7","72","74","73","30","70","133"
"1174","1","4.0","4","0","0","0","0","0","0"
"1175","0","7.0","8.5","60","70","65","0","0","0"
"1176","0","0.0","0","43","53","48","30","50","67"
"1177","1","8.0","8","0","0","0","0","0","0"
"1178","0","0.0","6","52","56","54","0","0","0"
"1179","1","0.0","3","0","0","0","0","0","0"
"1180","1","3.0","2","0","0","0","0","0","0"
"1181","0","7.0","4","50","70","60","25","60","140"
"1182","1","0.0","4","0","0","0","0","0","0"
"1183","0","6.0","6","63","67","65","60","100","67"
"1184","0","9.0","0","0","0","0","0","0","0"
"1185","0","0.0","0","0","0","0","0","0","0"
"1186","0","0.0","0","75","105","90","0","0","0"
"1187","0","3.0","6","56","64","60","50","100","100"
"1188","0","9.33","7.67","53","61","57","16","136","750"
"1189","0","10.0","0","0","0","0","0","0","0"
"1190","0","0.0","0","0","0","0","0","0","0"
"1191","0","8.0","10","95","101","98","2","170","8400"
"1192","0","9.0","9","53","63","58","25","85","240"
"1193","0","7.0","8","54","62","58","0","0","0"
"1194","0","9.0","3","48","58","53","0","0","0"
"1195","1","7.0","9","0","0","0","0","0","0"
"1196","0","6.67","6.25","61","67","64","18","73","306"
"1197","0","6.5","6.5","81","101","91","40","180","350"
"1198","0","9.0","7","45","65","55","70","120","71"
"1199","0","8.0","8","63","69","66","0","0","0"
"1200","0","1.0","2","65","85","75","25","80","220"
"1201","0","8.0","4","62","73","67","40","44","10"
"1202","0","9.0","9","66","76","71","25","110","340"
"1203","0","7.75","7","54","62","58","21","52","148"
"1204","0","8.0","7.5","72","78","75","37","115","211"
"1205","0","8.0","7","59","62","61","30","85","183"
"1206","1","8.0","6","0","0","0","0","0","0"
"1207","0","0.0","7","55","75","65","30","90","200"
"1208","1","10.0","8","0","0","0","0","0","0"
"1209","0","9.0","6","0","0","0","0","0","0"
"1210","0","10.0","0","0","0","0","0","0","0"
"1211","0","7.6","7","60","66","63","25","80","220"
"1212","1","8.0","8","0","0","0","0","0","0"
"1213","0","8.0","7","55","65","60","50","50","0"
"1214","0","5.5","6","63","68","66","10","90","800"
"1215","0","6.0","8","65","71","68","50","130","160"
"1216","0","9.0","9","0","116","56","25","80","220"
"1217","0","8.0","6","49","49","49","0","0","0"
"1218","0","10.0","10","62","74","68","0","0","0"
"1219","1","0.0","0","0","0","0","0","0","0"
"1220","0","0.0","10","55","65","60","20","60","200"
"1221","0","8.0","7","61","65","63","55","75","36"
"1222","1","3.0","4","0","0","0","0","0","0"
"1223","0","6.29","6.57","60","66","63","47","118","151"
"1224","0","10.0","8","53","77","65","0","0","0"
"1225","0","9.0","7","63","77","70","70","120","71"
"1226","1","8.0","7","0","0","0","0","0","0"
"1227","0","10.0","10","53","67","60","0","0","0"
"1228","0","8.2","7.5","61","72","67","38","110","189"
"1229","0","4.67","4.33","62","69","66","43","200","365"
"1230","0","0.0","2","69","71","70","60","160","167"
"1231","1","8.0","6","0","0","0","0","0","0"
"1232","0","8.25","7.8","56","63","60","35","105","200"
"1233","0","7.0","7","60","68","64","0","0","0"
"1234","0","10.0","10","50","54","52","50","90","80"
"1235","1","10.0","9","0","0","0","0","0","0"
"1236","0","0.0","7","60","70","65","1","30","2900"
"1237","1","4.5","4.5","0","0","0","0","0","0"
"1238","0","8.33","7.4","72","80","76","35","94","169"
"1239","0","8.67","7.17","60","67","63","45","107","138"
"1240","0","8.5","7","60","80","70","0","0","0"
"1241","1","9.0","7","0","0","0","0","0","0"
"1242","0","9.0","5","75","85","80","56","76","36"
"1243","1","6.33","4.5","0","0","0","0","0","0"
"1244","1","7.0","6","0","0","0","0","0","0"
"1245","0","0.0","0","70","70","70","0","0","0"
"1246","1","8.0","8","0","0","0","0","0","0"
"1247","0","7.0","7","59","67","63","0","0","0"
"1248","1","7.0","6","0","0","0","0","0","0"
"1249","0","8.5","7.5","70","75","73","40","95","138"
"1250","0","7.0","5","55","95","75","25","70","180"
"1251","0","6.0","5","56","63","59","23","75","226"
"1252","1","10.0","10","0","0","0","0","0","0"
"1253","0","8.0","5","60","64","62","15","50","233"
"1254","1","6.0","6","0","0","0","0","0","0"
"1255","0","7.5","7","54","62","58","33","75","127"
"1256","0","9.0","7","0","0","0","0","0","0"
"1257","0","8.25","7.25","55","63","59","28","62","121"
"1258","1","4.0","6","0","0","0","0","0","0"
"1259","0","7.29","6.14","63","68","66","40","117","193"
"1260","0","10.0","9","53","63","58","30","60","100"
"1261","0","9.0","8.5","65","65","65","35","100","186"
"1262","0","0.0","7","0","0","0","25","80","220"
"1263","0","7.83","6.71","59","67","63","24","85","254"
"1264","0","4.0","0","0","0","0","0","0","0"
"1265","0","8.22","7.6","61","69","65","27","83","207"
"1266","1","7.5","6.5","0","0","0","0","0","0"
"1267","0","10.0","6","64","72","68","90","150","67"
"1268","0","8.0","7.5","60","64","62","20","75","275"
"1269","0","10.0","9","60","66","63","25","110","340"
"1270","0","7.5","7","0","0","0","30","120","300"
"1271","0","10.0","0","70","84","77","0","0","0"
"1272","0","6.83","4.33","62","73","68","31","73","135"
"1273","1","0.0","0","0","0","0","0","0","0"
"1274","0","9.6","7.2","49","66","57","38","85","124"
"1275","0","9.0","10","73","96","84","27","120","344"
"1276","0","10.0","0","0","0","0","0","0","0"
"1277","1","8.0","0","0","0","0","0","0","0"
"1278","0","6.0","8","52","58","55","45","110","144"
"1279","1","8.0","5","0","0","0","0","0","0"
"1280","0","10.0","5","57","63","60","100","300","200"
"1281","0","10.0","7","60","70","65","1","2","100"
"1282","0","8.0","6.33","64","71","68","23","86","274"
"1283","0","7.5","5.5","72","82","77","24","75","213"
"1284","0","7.0","4.86","62","71","67","48","105","119"
"1285","0","8.67","8.33","58","63","61","28","90","221"
"1286","1","8.0","9","0","0","0","0","0","0"
"1287","0","9.0","5","55","65","60","100","225","125"
"1288","0","0.0","0","0","0","0","0","0","0"
"1289","0","10.0","8","68","74","71","10","80","700"
"1290","1","6.0","4","0","0","0","0","0","0"
"1291","0","7.0","8","0","0","0","40","80","100"
"1292","0","6.0","6.5","60","70","65","45","105","133"
"1293","1","10.0","8","0","0","0","0","0","0"
"1294","0","0.0","9","84","84","84","35","110","214"
"1295","0","9.0","6","67","73","70","30","85","183"
"1296","1","1.0","0","0","0","0","0","0","0"
"1297","1","2.0","0","0","0","0","0","0","0"
"1298","0","8.75","8","62","68","65","38","114","200"
"1299","0","9.0","9","63","77","70","65","15","-77"
"1300","1","5.0","3","0","0","0","0","0","0"
"1301","0","8.0","8","68","68","68","0","0","0"
"1302","0","7.0","6","55","65","60","15","70","367"
"1303","1","8.67","7.33","0","0","0","0","0","0"
"1304","0","8.0","7","61","65","63","20","90","350"
"1305","0","9.25","7","63","73","68","38","95","150"
"1306","0","8.14","7.13","52","58","55","31","91","194"
"1307","1","8.0","9","0","0","0","0","0","0"
"1308","1","9.0","0","0","0","0","0","0","0"
"1309","0","0.0","7","61","65","63","25","80","220"
"1310","1","9.0","6","0","0","0","0","0","0"
"1311","0","8.0","6","60","100","80","40","80","100"
"1312","0","7.0","7","0","0","0","85","140","65"
"1313","1","10.0","7","0","0","0","0","0","0"
"1314","0","8.5","7","70","84","77","38","59","55"
"1315","1","6.0","6","0","0","0","0","0","0"
"1316","0","0.0","1","0","0","0","20","50","150"
"1317","0","10.0","8.5","59","68","63","22","90","309"
"1318","0","7.0","0","0","0","0","0","0","0"
"1319","1","8.0","7","0","0","0","0","0","0"
"1320","0","8.0","5","59","69","64","60","120","100"
"1321","0","7.0","7","85","91","88","0","0","0"
"1322","0","7.0","7","65","75","70","40","100","150"
"1323","0","5.0","6","64","76","70","10","120","1100"
"1324","0","8.5","9.5","69","78","74","38","125","229"
"1325","0","8.0","7.5","55","75","65","55","160","191"
"1326","0","9.0","9","65","75","70","0","0","0"
"1327","0","8.0","8","93","97","95","20","50","150"
"1328","1","8.0","7","0","0","0","0","0","0"
"1329","0","5.0","5","70","80","75","0","0","0"
"1330","1","10.0","0","0","0","0","0","0","0"
"1331","0","4.0","0","69","75","72","0","0","0"
"1332","0","7.73","7.53","58","64","61","35","75","114"
"1333","1","8.0","7","0","0","0","0","0","0"
"1334","0","7.0","6.75","69","77","73","34","87","156"
"1335","0","7.71","6.71","61","69","65","35","76","117"
"1336","0","8.0","6","52","60","56","30","120","300"
"1337","0","7.0","6","62","70","66","30","90","200"
"1338","0","4.0","5.25","57","84","71","57","82","44"
"1339","0","9.0","9","57","63","60","40","90","125"
"1340","0","6.5","7.67","27","85","54","20","70","250"
"1341","0","6.5","0","0","0","0","25","35","40"
"1342","0","4.2","3.2","51","60","55","16","47","194"
"1343","1","5.0","3.5","0","0","0","0","0","0"
"1344","0","8.75","8.33","53","68","60","35","91","160"
"1345","1","8.0","6.67","0","0","0","0","0","0"
"1346","0","0.0","4","60","70","65","20","60","200"
"1347","0","8.2","7","57","61","59","33","72","118"
"1348","0","7.0","8.33","56","68","62","43","96","123"
"1349","0","10.0","7","0","115","55","140","70","-50"
"1350","0","9.0","9","90","90","90","1","90","8900"
"1351","0","3.0","9","63","77","70","70","127","81"
"1352","0","7.5","6","62","68","65","47","88","87"
"1353","0","6.33","5.33","67","79","73","20","80","300"
"1354","0","8.67","8.5","60","67","63","30","150","400"
"1355","1","0.0","6","0","0","0","0","0","0"
"1356","0","5.0","1","60","80","70","20","75","275"
"1357","0","0.0","7","63","63","63","15","34","127"
"1358","0","7.0","6","7","105","56","90","120","33"
"1359","0","8.25","8.13","65","70","67","48","117","144"
"1360","0","0.0","4","44","52","48","35","80","129"
"1361","1","8.0","7","0","0","0","0","0","0"
"1362","0","9.0","8","45","55","50","30","90","200"
"1363","0","0.0","7","70","70","70","0","0","0"
"1364","0","8.33","10","85","95","90","30","50","67"
"1365","0","8.0","9","68","76","72","22","74","236"
"1366","0","8.0","8","60","68","64","30","70","133"
"1367","0","7.5","6","65","72","68","26","63","142"
"1368","1","5.5","7","0","0","0","0","0","0"
"1369","0","10.0","0","0","0","0","0","0","0"
"1370","0","6.5","8.27","58","69","64","34","114","235"
"1371","0","8.0","8.5","53","61","57","25","63","152"
"1372","0","7.5","7","53","67","60","30","100","233"
"1373","0","7.5","8.17","61","67","64","39","82","110"
"1374","1","6.0","9","0","0","0","0","0","0"
"1375","0","9.0","7","70","84","77","20","80","300"
"1376","1","9.0","7","0","0","0","0","0","0"
"1377","0","7.33","7.29","52","61","57","46","83","80"
"1378","1","8.0","0","0","0","0","0","0","0"
"1379","0","9.0","9","72","82","77","5","120","2300"
"1380","0","8.43","7.38","69","77","73","38","123","224"
"1381","1","9.5","7.5","0","0","0","0","0","0"
"1382","0","8.4","7","47","63","55","27","75","178"
"1383","0","8.0","6.67","60","69","65","51","70","37"
"1384","1","10.0","9","0","0","0","0","0","0"
"1385","1","6.67","6","0","0","0","0","0","0"
"1386","0","5.0","7","54","61","57","38","65","71"
"1387","1","7.0","8","0","0","0","0","0","0"
"1388","1","8.0","9","0","0","0","0","0","0"
"1389","0","8.5","9","56","70","63","20","120","500"
"1390","1","5.0","0","0","0","0","0","0","0"
"1391","0","7.0","6","67","74","70","10","30","200"
"1392","1","7.0","7.5","0","0","0","0","0","0"
"1393","0","2.67","2","57","81","69","150","150","0"
"1394","1","5.0","4","0","0","0","0","0","0"
"1395","0","5.25","4.75","55","62","58","67","65","-3"
"1396","1","9.0","7.33","0","0","0","0","0","0"
"1397","0","2.0","3","45","55","50","5","40","700"
"1398","1","6.0","4.5","0","0","0","0","0","0"
"1399","0","3.0","8","0","0","0","28","90","221"
"1400","1","0.0","6","0","0","0","0","0","0"
"1401","0","2.0","5","68","68","68","0","0","0"
"1402","0","0.0","0","0","0","0","0","0","0"
"1403","0","6.25","5.5","48","58","53","30","75","150"
"1404","1","7.0","7.67","0","0","0","0","0","0"
"1405","0","5.75","5.17","47","51","49","15","56","273"
"1406","0","8.0","8","55","67","61","35","80","129"
"1407","0","9.67","9","73","77","75","37","105","184"
"1408","1","6.0","6","0","0","0","0","0","0"
"1409","0","10.0","5","45","55","50","0","0","0"
"1410","0","9.0","8","63","76","69","22","72","227"
"1411","0","8.67","7.75","63","67","65","23","103","348"
"1412","0","5.0","6","0","0","0","0","0","0"
"1413","0","10.0","10","58","68","63","40","100","150"
"1414","0","8.0","7.33","57","65","61","32","78","144"
"1415","0","6.0","6","71","79","75","0","0","0"
"1416","0","0.0","7","60","60","60","25","40","60"
"1417","0","9.0","7","66","72","69","25","120","380"
"1418","1","9.0","9","0","0","0","0","0","0"
"1419","0","7.67","6.67","60","69","64","19","65","242"
"1420","1","7.0","7","0","0","0","0","0","0"
"1421","0","8.33","7.2","55","64","59","46","103","124"
"1422","0","6.0","6","55","63","59","35","123","251"
"1423","0","8.5","8","58","66","62","40","73","83"
"1424","1","8.0","9","0","0","0","0","0","0"
"1425","0","8.67","7.67","65","70","68","16","72","350"
"1426","0","8.67","8.27","59","69","64","32","87","172"
"1427","0","9.0","7","80","88","84","20","70","250"
"1428","0","8.0","6","0","0","0","0","0","0"
"1429","0","10.0","9","64","66","65","80","130","63"
"1430","0","8.0","8","72","88","80","50","160","220"
"1431","0","8.25","8.25","55","68","62","40","90","125"
"1432","1","10.0","10","0","0","0","0","0","0"
"1433","0","9.0","6","62","70","66","0","0","0"
"1434","0","10.0","9","56","70","63","55","110","100"
"1435","0","9.0","7","60","70","65","20","100","400"
"1436","0","0.0","5","70","70","70","0","0","0"
"1437","0","8.0","8","70","76","73","0","0","0"
"1438","1","2.0","2","0","0","0","0","0","0"
"1439","0","7.0","0","50","60","55","60","120","100"
"1440","0","2.0","1","70","70","70","0","0","0"
"1441","1","8.0","8","0","0","0","0","0","0"
"1442","0","0.0","0","0","0","0","0","0","0"
"1443","0","5.67","5.33","51","73","62","53","125","136"
"1444","0","9.0","6","30","50","40","30","80","167"
"1445","0","8.54","8.33","57","63","60","35","94","169"
"1446","1","8.67","7.33","0","0","0","0","0","0"
"1447","0","7.67","6","68","76","72","30","75","150"
"1448","1","7.0","6","0","0","0","0","0","0"
"1449","1","9.5","10","0","0","0","0","0","0"
"1450","0","8.0","6","55","65","60","35","80","129"
"1451","0","8.25","7","75","82","79","15","68","353"
"1452","1","8.5","8","0","0","0","0","0","0"
"1453","0","8.0","8","55","55","55","0","0","0"
"1454","1","9.0","9","0","0","0","0","0","0"
"1455","0","8.33","7.67","58","68","63","23","78","239"
"1456","1","9.0","5","0","0","0","0","0","0"
"1457","0","8.25","7.25","72","83","78","35","140","300"
"1458","0","7.67","7.5","58","63","61","30","120","300"
"1459","0","8.0","8","59","67","63","24","73","204"
"1460","1","2.0","0","0","0","0","0","0","0"
"1461","0","9.0","8","68","71","69","58","116","100"
"1462","0","0.0","0","0","0","0","0","0","0"
"1463","1","8.5","8","0","0","0","0","0","0"
"1464","0","2.0","4","53","67","60","35","130","271"
"1465","0","8.33","8.33","54","61","57","20","50","150"
"1466","1","8.0","8","0","0","0","0","0","0"
"1467","0","7.67","7.8","48","53","51","31","68","119"
"1468","1","8.67","8.5","0","0","0","0","0","0"
"1469","0","9.0","10","68","80","74","80","175","119"
"1470","0","7.0","7","50","60","55","0","0","0"
"1471","0","9.0","8","51","61","56","50","60","20"
"1472","0","7.0","7","55","57","56","25","110","340"
"1473","0","8.0","6","59","65","62","17","83","388"
"1474","0","10.0","7","53","63","58","20","90","350"
"1475","1","9.0","7","0","0","0","0","0","0"
"1476","1","9.0","10","0","0","0","0","0","0"
"1477","0","7.33","7.44","58","64","61","35","95","171"
"1478","1","9.0","8","0","0","0","0","0","0"
"1479","0","8.5","5","57","62","59","0","0","0"
"1480","1","0.0","9","0","0","0","0","0","0"
"1481","0","9.0","0","0","0","0","0","0","0"
"1482","0","6.6","7.67","61","68","64","36","83","131"
"1483","1","9.0","10","0","0","0","0","0","0"
"1484","0","7.87","7.85","56","61","58","26","80","208"
"1485","1","7.0","7","0","0","0","0","0","0"
"1486","1","8.0","7","0","0","0","0","0","0"
"1487","0","10.0","9","50","62","56","25","85","240"
"1488","0","0.0","5","49","55","52","60","90","50"
"1489","0","8.33","6","46","57","51","30","50","67"
"1490","0","7.0","7","61","65","63","40","90","125"
"1491","0","4.67","4.33","70","80","75","18","48","167"
"1492","1","4.0","4","0","0","0","0","0","0"
"1493","0","7.5","9","57","60","58","22","97","341"
"1494","0","7.0","5.67","51","59","55","25","56","124"
"1495","1","8.0","7","0","0","0","0","0","0"
"1496","0","9.0","9","55","85","70","0","0","0"
"1497","1","8.0","0","0","0","0","0","0","0"
"1498","0","8.0","7","84","96","90","20","70","250"
"1499","0","7.0","7","2","122","62","15","150","900"
"1500","1","9.5","7","0","0","0","0","0","0"
"1501","1","0.0","0","0","0","0","0","0","0"
"1502","0","9.0","7.5","56","64","60","40","110","175"
"1503","0","9.0","9","55","65","60","40","90","125"
"1504","1","9.0","5","0","0","0","0","0","0"
"1505","1","4.5","5.5","0","0","0","0","0","0"
"1506","0","5.6","4","65","75","70","28","72","157"
"1507","1","6.0","8","0","0","0","0","0","0"
"1508","0","8.0","6.5","55","64","59","33","90","173"
"1509","0","7.0","5.5","64","71","68","23","70","204"
"1510","0","10.0","9","60","70","65","25","160","540"
"1511","1","9.0","9","0","0","0","0","0","0"
"1512","0","7.0","5","0","0","0","0","0","0"
"1513","1","8.0","6","0","0","0","0","0","0"
"1514","0","6.0","4","0","0","0","0","0","0"
"1515","1","8.0","7","0","0","0","0","0","0"
"1516","0","10.0","9","49","55","52","32","75","134"
"1517","0","6.0","7","60","70","65","40","90","125"
"1518","0","6.0","6.67","68","78","73","30","100","233"
"1519","0","7.5","6.5","79","81","80","90","30","-67"
"1520","1","6.0","6","0","0","0","0","0","0"
"1521","0","4.75","4","45","55","50","35","57","63"
"1522","1","5.0","3","0","0","0","0","0","0"
"1523","0","7.5","6.5","52","60","56","45","95","111"
"1524","1","0.0","9","0","0","0","0","0","0"
"1525","0","6.0","6","52","56","54","35","120","243"
"1526","0","8.0","5.33","57","65","61","23","78","239"
"1527","0","10.0","8","55","65","60","40","90","125"
"1528","0","8.0","3","53","63","58","0","0","0"
"1529","0","8.5","8.5","58","67","63","50","110","120"
"1530","0","8.09","7.08","64","71","68","27","73","170"
"1531","1","7.0","6","0","0","0","0","0","0"
"1532","1","8.0","8","0","0","0","0","0","0"
"1533","0","9.0","8","52","64","58","0","0","0"
"1534","0","0.0","0","0","0","0","0","0","0"
"1535","1","7.5","7","0","0","0","0","0","0"
"1536","0","9.0","4","58","68","63","30","70","133"
"1537","0","8.2","6","63","73","68","55","126","129"
"1538","0","7.67","7","59","67","63","35","120","243"
"1539","0","10.0","8","64","76","70","15","80","433"
"1540","0","7.0","7","48","58","53","50","90","80"
"1541","0","8.22","7.44","52","73","63","28","113","304"
"1542","1","4.5","5","0","0","0","0","0","0"
"1543","0","0.0","5","65","75","70","30","75","150"
"1544","0","6.0","7","95","105","100","40","220","450"
"1545","0","8.0","5","60","62","61","23","80","248"
"1546","0","0.0","0","0","0","0","0","0","0"
"1547","1","8.67","7.33","0","0","0","0","0","0"
"1548","1","10.0","10","0","0","0","0","0","0"
"1549","0","7.0","5","54","58","56","0","0","0"
"1550","0","7.0","6.5","57","74","65","40","110","175"
"1551","0","6.0","5","70","70","70","0","0","0"
"1552","0","5.75","3.5","48","55","52","27","70","159"
"1553","1","7.0","5","0","0","0","0","0","0"
"1554","0","8.0","4","70","80","75","50","150","200"
"1555","0","9.0","9","5","125","65","45","120","167"
"1556","0","8.0","9","0","120","60","40","100","150"
"1557","0","7.0","7","55","67","61","15","30","100"
"1558","0","7.0","6.5","51","57","54","55","70","27"
"1559","1","0.0","0","0","0","0","0","0","0"
"1560","0","7.0","6","57","67","62","25","65","160"
"1561","1","7.0","7","0","0","0","0","0","0"
"1562","0","8.0","7","70","80","75","30","105","250"
"1563","0","9.0","5","65","75","70","0","0","0"
"1564","0","7.6","7","59","64","61","36","104","189"
"1565","1","9.0","9","0","0","0","0","0","0"
"1566","0","9.0","8","80","80","80","0","0","0"
"1567","1","8.0","7","0","0","0","0","0","0"
"1568","1","1.5","1.5","0","0","0","0","0","0"
"1569","0","5.5","5","65","71","68","30","68","127"
"1570","0","7.0","6","70","70","70","0","0","0"
"1571","0","9.0","7","0","0","0","0","0","0"
"1572","1","7.0","6","0","0","0","0","0","0"
"1573","1","6.0","6","0","0","0","0","0","0"
"1574","0","8.14","5.67","50","60","55","40","69","73"
"1575","1","9.0","9","0","0","0","0","0","0"
"1576","0","3.67","6.25","51","55","53","32","75","134"
"1577","0","7.0","2","48","52","50","20","50","150"
"1578","0","1.0","3","56","70","63","0","0","0"
"1579","0","8.0","5.5","60","68","64","50","80","60"
"1580","0","9.0","10","84","84","84","0","0","0"
"1581","0","8.0","6","60","70","65","37","113","205"
"1582","1","9.0","10","0","0","0","0","0","0"
"1583","0","9.0","7","60","60","60","0","0","0"
"1584","1","10.0","10","0","0","0","0","0","0"
"1585","0","10.0","10","56","64","60","50","100","100"
"1586","0","7.25","6","64","75","69","30","85","183"
"1587","1","8.0","4","0","0","0","0","0","0"
"1588","0","7.0","5.6","55","64","59","32","81","153"
"1589","1","8.5","7.5","0","0","0","0","0","0"
"1590","0","7.5","7","56","68","62","43","80","86"
"1591","1","7.0","6","0","0","0","0","0","0"
"1592","1","5.0","4","0","0","0","0","0","0"
"1593","0","0.0","0","0","0","0","0","0","0"
"1594","0","8.0","6.33","52","66","59","43","105","144"
"1595","1","9.0","8","0","0","0","0","0","0"
"1596","0","9.0","6.5","62","70","66","33","100","203"
"1597","0","8.33","6.71","60","69","64","48","100","108"
"1598","0","8.0","7","64","70","67","40","85","113"
"1599","0","7.0","0","0","0","0","0","0","0"
"1600","0","10.0","9","55","65","60","0","0","0"
"1601","0","9.5","7.2","68","77","72","51","121","137"
"1602","0","0.0","0","0","0","0","0","0","0"
"1603","0","9.0","7","55","64","59","30","100","233"
"1604","1","7.0","6","0","0","0","0","0","0"
"1605","0","8.0","0","0","0","0","0","0","0"
"1606","0","8.67","8.25","58","65","61","34","87","156"
"1607","0","9.0","8","63","63","63","40","100","150"
"1608","1","7.0","6","0","0","0","0","0","0"
"1609","0","8.67","5.33","58","68","63","33","85","158"
"1610","0","3.0","2","60","77","68","15","30","100"
"1611","1","7.0","1","0","0","0","0","0","0"
"1612","0","7.0","6","0","0","0","25","70","180"
"1613","0","9.0","9","70","84","77","0","0","0"
"1614","0","8.0","8","55","65","60","30","140","367"
"1615","0","10.0","9","67","73","70","30","60","100"
"1616","0","0.0","8","75","105","90","45","160","256"
"1617","0","7.0","0","74","80","77","15","40","167"
"1618","0","5.0","7.5","51","64","57","45","105","133"
"1619","0","8.0","0","0","0","0","0","0","0"
"1620","0","7.67","7","50","54","52","23","65","183"
"1621","0","6.0","5","58","62","60","27","85","215"
"1622","0","9.0","9","55","65","60","25","50","100"
"1623","0","8.0","6.5","75","85","80","80","30","-63"
"1624","1","7.0","8","0","0","0","0","0","0"
"1625","0","10.0","5.67","61","67","64","35","85","143"
"1626","0","0.0","0","50","60","55","0","0","0"
"1627","0","9.0","7","54","58","56","30","59","97"
"1628","1","8.0","8","0","0","0","0","0","0"
"1629","1","10.0","9","0","0","0","0","0","0"
"1630","0","0.0","7","50","62","56","35","70","100"
"1631","0","9.0","8","100","100","100","30","80","167"
"1632","1","7.0","5","0","0","0","0","0","0"
"1633","0","7.0","7","57","71","64","0","0","0"
"1634","0","8.0","7.33","62","72","67","30","85","183"
"1635","0","0.0","0","0","0","0","0","0","0"
"1636","0","9.4","9.75","65","68","66","42","103","145"
"1637","0","7.0","4","69","69","69","20","80","300"
"1638","0","7.0","7.33","56","63","60","30","78","160"
"1639","1","7.0","7","0","0","0","0","0","0"
"1640","0","8.0","6","0","0","0","30","70","133"
"1641","0","8.0","5","0","0","0","35","130","271"
"1642","0","7.0","5","55","67","61","65","100","54"
"1643","0","7.0","7","50","70","60","15","80","433"
"1644","1","7.5","5","0","0","0","0","0","0"
"1645","0","7.0","6","51","61","56","30","70","133"
"1646","1","8.0","9","0","0","0","0","0","0"
"1647","0","7.0","8.5","61","68","64","0","0","0"
"1648","1","8.5","8","0","0","0","0","0","0"
"1649","0","7.0","4","65","75","70","9","60","567"
"1650","1","6.5","5.5","0","0","0","0","0","0"
"1651","0","5.0","9","62","68","65","120","25","-79"
"1652","0","9.67","10","28","98","63","80","155","94"
"1653","0","7.5","8","68","70","69","145","90","-38"
"1654","1","9.0","10","0","0","0","0","0","0"
"1655","0","7.0","6","55","65","60","50","90","80"
"1656","1","7.0","7","0","0","0","0","0","0"
"1657","0","8.25","7.2","49","86","68","59","115","95"
"1658","1","8.5","6","0","0","0","0","0","0"
"1659","0","9.0","5","60","70","65","30","130","333"
"1660","0","7.25","6.2","69","79","74","28","110","293"
"1661","1","10.0","9","0","0","0","0","0","0"
"1662","0","9.0","5","58","68","63","0","0","0"
"1663","0","9.0","8","53","67","60","15","90","500"
"1664","1","0.0","7","0","0","0","0","0","0"
"1665","0","2.0","0","0","0","0","15","70","367"
"1666","0","4.5","5.5","100","130","115","15","120","700"
"1667","0","5.33","6","55","55","55","0","0","0"
"1668","0","9.0","9","66","70","68","95","120","26"
"1669","0","7.5","7","61","71","66","25","78","212"
"1670","0","6.0","6.33","51","58","55","25","110","340"
"1671","1","7.0","7","0","0","0","0","0","0"
"1672","0","8.5","7","40","40","40","0","0","0"
"1673","0","8.0","9","57","63","60","20","65","225"
"1674","1","10.0","9","0","0","0","0","0","0"
"1675","0","7.0","7","75","80","78","43","78","81"
"1676","1","8.0","7","0","0","0","0","0","0"
"1677","0","9.13","8.33","58","66","62","30","88","193"
"1678","1","5.0","9","0","0","0","0","0","0"
"1679","0","8.6","7.86","71","81","76","57","83","46"
"1680","1","0.0","0","0","0","0","0","0","0"
"1681","0","8.33","8.33","54","64","59","40","76","90"
"1682","0","7.0","6","76","78","77","27","95","252"
"1683","0","0.0","6","57","63","60","20","90","350"
"1684","1","9.0","8","0","0","0","0","0","0"
"1685","0","7.0","0","0","0","0","0","0","0"
"1686","1","0.0","7","0","0","0","0","0","0"
"1687","0","10.0","5","60","70","65","0","0","0"
"1688","0","10.0","9","55","65","60","30","70","133"
"1689","1","0.0","9","0","0","0","0","0","0"
"1690","0","8.0","9","55","65","60","45","110","144"
"1691","0","7.42","6.4","56","65","60","28","102","264"
"1692","1","5.25","4.67","0","0","0","0","0","0"
"1693","0","10.0","7","60","70","65","25","90","260"
"1694","0","5.0","8","65","75","70","50","95","90"
"1695","0","6.93","6.33","73","80","77","30","111","270"
"1696","1","6.0","7","0","0","0","0","0","0"
"1697","0","8.25","7","52","62","57","35","104","197"
"1698","1","8.0","7","0","0","0","0","0","0"
"1699","0","6.0","5","57","63","60","35","130","271"
"1700","1","3.0","3","0","0","0","0","0","0"
"1701","0","6.0","9.67","59","70","65","0","0","0"
"1702","0","6.0","6","52","56","54","0","0","0"
"1703","1","2.0","5.5","0","0","0","0","0","0"
"1704","0","7.5","5.5","60","70","65","23","135","487"
"1705","1","4.5","5","0","0","0","0","0","0"
"1706","0","8.0","8","60","70","65","0","0","0"
"1707","1","7.0","4","0","0","0","0","0","0"
"1708","0","8.5","8","53","62","58","0","0","0"
"1709","0","7.0","7","60","60","60","25","65","160"
"1710","0","6.0","6","60","62","61","0","0","0"
"1711","0","7.0","6.5","57","63","60","42","69","64"
"1712","0","8.0","6","45","55","50","0","0","0"
"1713","1","5.0","3","0","0","0","0","0","0"
"1714","0","6.0","7","61","69","65","70","90","29"
"1715","1","9.0","5","0","0","0","0","0","0"
"1716","0","10.0","9","80","100","90","50","110","120"
"1717","1","3.0","0","0","0","0","0","0","0"
"1718","0","7.0","6","70","80","75","60","80","33"
"1719","0","6.67","6.67","56","64","60","52","122","135"
"1720","0","9.0","6","57","63","60","30","120","300"
"1721","0","6.5","6","62","79","70","15","80","433"
"1722","0","9.0","9","14","134","74","85","30","-65"
"1723","1","9.0","6","0","0","0","0","0","0"
"1724","0","8.0","6","76","76","76","10","25","150"
"1725","1","7.0","5","0","0","0","0","0","0"
"1726","0","8.86","6.71","62","71","67","25","110","340"
"1727","0","1.0","4","55","55","55","0","0","0"
"1728","0","7.5","8","58","70","64","25","50","100"
"1729","0","8.0","6","56","64","60","33","103","212"
"1730","0","9.0","8","0","0","0","0","0","0"
"1731","0","8.0","8","58","62","60","35","90","157"
"1732","0","8.0","5.5","45","67","56","130","60","-54"
"1733","0","5.75","5.25","56","65","60","22","76","245"
"1734","0","7.83","7.71","60","67","64","28","86","207"
"1735","1","8.0","7.5","0","0","0","0","0","0"
"1736","0","10.0","0","0","0","0","0","0","0"
"1737","0","0.0","1","60","70","65","35","100","186"
"1738","1","7.5","5.5","0","0","0","0","0","0"
"1739","0","8.29","7.67","52","58","55","32","91","184"
"1740","1","8.33","8","0","0","0","0","0","0"
"1741","1","6.0","0","0","0","0","0","0","0"
"1742","1","8.0","5","0","0","0","0","0","0"
"1743","1","7.0","7","0","0","0","0","0","0"
"1744","0","7.33","6.33","59","65","62","38","97","155"
"1745","1","6.5","5.5","0","0","0","0","0","0"
"1746","0","9.0","8","0","0","0","0","0","0"
"1747","1","0.0","0","0","0","0","0","0","0"
"1748","0","3.0","2","63","67","65","35","90","157"
"1749","0","7.0","8.5","61","64","62","65","60","-8"
"1750","0","8.0","9","107","113","110","12","150","1150"
"1751","0","9.0","6.67","64","81","73","20","55","175"
"1752","0","7.0","7","52","62","57","15","45","200"
"1753","0","4.0","3","57","63","60","0","0","0"
"1754","1","8.0","7","0","0","0","0","0","0"
"1755","0","0.0","4","0","0","0","50","150","200"
"1756","0","8.0","7","68","78","73","0","0","0"
"1757","0","9.5","8","67","76","71","45","100","122"
"1758","0","7.0","8","41","105","73","30","103","243"
"1759","0","10.0","8","0","0","0","0","0","0"
"1760","0","7.95","7.32","53","60","57","27","89","230"
"1761","1","8.33","6.33","0","0","0","0","0","0"
"1762","0","7.0","6","61","69","65","23","45","96"
"1763","0","0.0","0","0","0","0","0","0","0"
"1764","1","10.0","6","0","0","0","0","0","0"
"1765","0","0.0","0","0","0","0","0","0","0"
"1766","0","0.0","9","0","0","0","30","120","300"
"1767","0","8.0","7","47","57","52","30","110","267"
"1768","0","0.0","3","63","63","63","20","60","200"
"1769","0","9.33","7.5","65","74","69","38","100","163"
"1770","1","9.0","8","0","0","0","0","0","0"
"1771","0","9.0","8.33","62","72","67","30","77","157"
"1772","0","5.0","6","53","63","58","0","0","0"
"1773","0","7.0","7","51","65","58","0","0","0"
"1774","0","8.0","9","50","70","60","0","0","0"
"1775","0","10.0","9","42","70","56","40","80","100"
"1776","0","7.5","5.25","55","64","59","35","90","157"
"1777","0","8.0","7.26","59","68","64","41","96","134"
"1778","1","8.0","6","0","0","0","0","0","0"
"1779","0","9.0","8","0","0","0","0","0","0"
"1780","0","0.0","8","0","0","0","0","0","0"
"1781","0","5.33","5.33","59","66","63","26","103","296"
"1782","0","0.0","0","62","68","65","25","60","140"
"1783","0","6.25","7.5","59","79","69","33","111","236"
"1784","0","10.0","0","0","0","0","0","0","0"
"1785","1","10.0","4","0","0","0","0","0","0"
"1786","0","3.0","4","52","69","60","40","130","225"
"1787","0","8.0","7","56","60","58","0","0","0"
"1788","0","8.5","8.17","64","72","68","43","111","158"
"1789","1","8.0","6","0","0","0","0","0","0"
"1790","0","7.33","7.5","66","69","68","31","98","216"
"1791","1","9.0","8.5","0","0","0","0","0","0"
"1792","1","9.67","9.33","0","0","0","0","0","0"
"1793","1","9.67","8.33","0","0","0","0","0","0"
"1794","0","8.0","8","60","70","65","20","100","400"
"1795","0","9.4","8.6","71","79","75","30","123","310"
"1796","1","10.0","10","0","0","0","0","0","0"
"1797","0","6.0","4","53","63","58","0","0","0"
"1798","0","6.0","7","55","65","60","0","0","0"
"1799","1","5.0","2","0","0","0","0","0","0"
"1800","1","7.0","0","0","0","0","0","0","0"
"1801","0","8.5","6.5","58","68","63","33","83","152"
"1802","0","4.75","6.67","56","64","60","32","57","78"
"1803","1","5.5","6.5","0","0","0","0","0","0"
"1804","1","9.0","7","0","0","0","0","0","0"
"1805","0","6.4","5.83","49","61","55","32","94","194"
"1806","1","7.0","5","0","0","0","0","0","0"
"1807","0","6.2","8.5","48","56","52","28","67","139"
"1808","1","8.0","7","0","0","0","0","0","0"
"1809","0","7.0","6","55","75","65","20","41","105"
"1810","0","5.33","7.33","56","61","59","36","171","375"
"1811","0","7.0","6","60","70","65","35","120","243"
"1812","0","8.0","0","0","0","0","0","0","0"
"1813","1","5.0","5","0","0","0","0","0","0"
"1814","0","6.0","6","54","56","55","40","77","93"
"1815","0","7.0","8.5","51","54","53","0","0","0"
"1816","1","7.0","7","0","0","0","0","0","0"
"1817","0","7.0","6","50","64","57","21","72","243"
"1818","1","7.0","6","0","0","0","0","0","0"
"1819","1","8.0","8","0","0","0","0","0","0"
"1820","0","8.0","9","56","64","60","35","75","114"
"1821","0","6.0","3","61","61","61","0","0","0"
"1822","0","10.0","0","0","0","0","0","0","0"
"1823","0","9.0","7","53","63","58","23","65","183"
"1824","0","5.0","5","50","62","56","30","90","200"
"1825","0","7.0","8","65","71","68","25","75","200"
"1826","0","8.5","6.5","56","65","60","18","115","539"
"1827","0","9.0","9","95","105","100","40","150","275"
"1828","0","10.0","8","51","61","56","20","40","100"
"1829","1","7.0","7","0","0","0","0","0","0"
"1830","0","7.33","5","48","78","63","12","40","233"
"1831","0","7.67","7.67","68","70","69","70","120","71"
"1832","1","0.0","9","0","0","0","0","0","0"
"1833","0","10.0","9","42","48","45","35","70","100"
"1834","0","8.0","0","0","0","0","0","0","0"
"1835","0","8.0","9.5","58","88","73","28","88","214"
"1836","0","8.57","6.86","47","69","58","31","82","165"
"1837","1","9.0","10","0","0","0","0","0","0"
"1838","0","5.0","4","0","0","0","0","0","0"
"1839","1","6.0","6","0","0","0","0","0","0"
"1840","0","7.5","7.5","60","85","72","30","120","300"
"1841","1","7.0","4","0","0","0","0","0","0"
"1842","0","9.0","9","55","65","60","50","180","260"
"1843","0","9.0","8","48","58","53","120","160","33"
"1844","0","0.0","9","60","70","65","15","40","167"
"1845","0","7.0","8","71","77","74","30","78","160"
"1846","1","8.0","8.5","0","0","0","0","0","0"
"1847","0","8.0","7","70","80","75","0","0","0"
"1848","1","10.0","7","0","0","0","0","0","0"
"1849","0","9.0","9","70","70","70","0","0","0"
"1850","0","0.0","0","0","0","0","0","0","0"
"1851","0","0.0","8","0","95","45","50","110","120"
"1852","0","5.33","5","57","62","60","50","60","20"
"1853","0","8.0","7","56","64","60","25","70","180"
"1854","0","2.0","2","40","50","45","0","0","0"
"1855","1","3.33","0.67","0","0","0","0","0","0"
"1856","0","6.5","7.5","60","66","63","0","0","0"
"1857","1","8.0","8","0","0","0","0","0","0"
"1858","0","4.0","0","0","0","0","15","55","267"
"1859","0","8.0","8","72","78","75","0","0","0"
"1860","0","0.0","7","95","95","95","20","170","750"
"1861","0","4.33","2.5","68","73","71","15","60","300"
"1862","1","7.0","6","0","0","0","0","0","0"
"1863","0","8.0","6.5","63","72","68","25","115","360"
"1864","0","8.0","8","59","63","61","40","101","153"
"1865","0","10.0","4","52","58","55","91","152","67"
"1866","0","7.0","7","53","67","60","0","0","0"
"1867","1","9.67","7.67","0","0","0","0","0","0"
"1868","1","10.0","9","0","0","0","0","0","0"
"1869","0","4.0","3","61","65","63","0","0","0"
"1870","1","5.0","0","0","0","0","0","0","0"
"1871","0","9.0","9","46","54","50","40","95","138"
"1872","0","6.0","5.67","49","57","53","42","75","79"
"1873","0","9.0","9","72","72","72","25","110","340"
"1874","1","9.0","9","0","0","0","0","0","0"
"1875","0","8.0","8","50","60","55","0","0","0"
"1876","1","8.0","6","0","0","0","0","0","0"
"1877","0","0.0","0","40","50","45","15","35","133"
"1878","1","9.0","5","0","0","0","0","0","0"
"1879","0","7.0","9","60","60","60","0","0","0"
"1880","0","5.0","3.67","66","69","67","0","0","0"
"1881","0","8.29","7.86","58","64","61","41","84","105"
"1882","0","6.0","6","0","0","0","0","0","0"
"1883","1","9.5","9","0","0","0","0","0","0"
"1884","0","8.0","5.67","73","74","73","30","58","93"
"1885","1","5.5","6","0","0","0","0","0","0"
"1886","0","8.0","6","55","65","60","0","0","0"
"1887","0","7.0","6","65","75","70","40","100","150"
"1888","1","6.0","0","0","0","0","0","0","0"
"1889","0","9.0","8","65","75","70","30","110","267"
"1890","1","3.0","4","0","0","0","0","0","0"
"1891","0","7.0","0","0","0","0","0","0","0"
"1892","0","10.0","8","56","70","63","0","0","0"
"1893","0","9.0","8","66","70","68","40","100","150"
"1894","0","4.5","6","57","68","63","30","50","67"
"1895","1","6.5","5.5","0","0","0","0","0","0"
"1896","0","7.0","5","110","130","120","150","200","33"
"1897","0","9.0","0","0","0","0","0","0","0"
"1898","0","0.0","6.5","63","67","65","0","0","0"
"1899","0","8.0","7","60","68","64","37","73","97"
"1900","1","4.0","8.5","0","0","0","0","0","0"
"1901","0","8.67","9.5","68","75","71","33","100","203"
"1902","1","9.0","9","0","0","0","0","0","0"
"1903","1","6.0","4","0","0","0","0","0","0"
"1904","0","10.0","0","0","0","0","0","0","0"
"1905","0","9.67","7","58","64","61","20","60","200"
"1906","1","10.0","8","0","0","0","0","0","0"
"1907","0","10.0","8","55","65","60","25","80","220"
"1908","0","9.77","9.15","54","63","59","58","121","109"
"1909","0","8.0","8","45","55","50","33","110","233"
"1910","0","7.0","6","52","60","56","50","90","80"
"1911","0","6.88","6.17","51","57","54","42","116","176"
"1912","0","8.0","7","56","60","58","0","0","0"
"1913","0","7.0","7","68","82","75","50","100","100"
"1914","0","9.5","8","60","66","63","11","108","882"
"1915","0","8.0","7","55","65","60","40","65","63"
"1916","0","10.0","9","60","60","60","45","90","100"
"1917","0","7.67","8.6","59","65","62","34","109","221"
"1918","1","10.0","10","0","0","0","0","0","0"
"1919","0","9.0","9","53","67","60","40","130","225"
"1920","0","8.0","6","49","55","52","20","65","225"
"1921","0","8.83","6.8","43","74","58","33","98","197"
"1922","0","9.0","7","47","53","50","35","120","243"
"1923","1","7.0","5","0","0","0","0","0","0"
"1924","1","3.0","0","0","0","0","0","0","0"
"1925","0","9.5","7","53","62","57","23","78","239"
"1926","1","9.0","10","0","0","0","0","0","0"
"1927","0","7.5","4.5","63","69","66","20","70","250"
"1928","1","9.0","8","0","0","0","0","0","0"
"1929","0","9.0","9","50","60","55","0","0","0"
"1930","0","0.0","7","52","64","58","40","80","100"
"1931","0","8.5","7","28","86","56","45","123","173"
"1932","0","9.5","8.5","55","63","59","46","130","183"
"1933","1","0.0","0","0","0","0","0","0","0"
"1934","0","0.0","0","53","63","58","0","0","0"
"1935","0","9.0","5","42","50","46","100","300","200"
"1936","0","8.0","5.5","69","79","74","40","115","188"
"1937","1","10.0","6","0","0","0","0","0","0"
"1938","0","8.5","10","75","81","78","25","78","212"
"1939","0","7.29","8","55","60","58","40","115","188"
"1940","1","0.0","1","0","0","0","0","0","0"
"1941","0","7.25","5","66","74","70","10","38","280"
"1942","1","8.0","4","0","0","0","0","0","0"
"1943","0","7.0","7","59","67","63","30","91","203"
"1944","1","10.0","3","0","0","0","0","0","0"
"1945","0","8.5","9","52","58","55","35","100","186"
"1946","0","7.0","7","66","70","68","30","120","300"
"1947","0","8.0","5","42","56","49","0","0","0"
"1948","0","9.0","9","49","53","51","22","65","195"
"1949","1","8.0","6","0","0","0","0","0","0"
"1950","0","9.0","9","46","54","50","40","80","100"
"1951","1","0.0","8","0","0","0","0","0","0"
"1952","0","8.0","7.67","68","74","71","0","0","0"
"1953","0","7.33","9.33","62","69","66","0","0","0"
"1954","1","7.0","7","0","0","0","0","0","0"
"1955","0","9.0","9","0","0","0","0","0","0"
"1956","0","9.0","7","55","74","64","40","120","200"
"1957","0","0.0","0","0","0","0","0","0","0"
"1958","1","5.67","4.67","0","0","0","0","0","0"
"1959","0","8.0","0","0","0","0","0","0","0"
"1960","0","7.0","6","45","51","48","40","110","175"
"1961","0","9.0","3","48","58","53","25","68","172"
"1962","0","0.0","8","0","0","0","0","0","0"
"1963","0","9.0","5","55","65","60","45","140","211"
"1964","0","8.75","7.33","59","84","72","32","83","159"
"1965","1","8.0","8","0","0","0","0","0","0"
"1966","0","6.0","0","0","0","0","0","0","0"
"1967","0","7.0","6","50","60","55","35","65","86"
"1968","0","9.0","9.33","78","88","83","13","153","1077"
"1969","1","9.0","8","0","0","0","0","0","0"
"1970","0","6.0","7","55","69","62","38","45","18"
"1971","1","3.0","3","0","0","0","0","0","0"
"1972","0","8.0","9","47","53","50","40","65","63"
"1973","0","8.0","3","70","80","75","0","0","0"
"1974","0","9.0","5.5","58","61","59","30","110","267"
"1975","0","10.0","9","55","65","60","30","70","133"
"1976","0","8.0","10","52","60","56","50","150","200"
"1977","0","9.0","7","58","62","60","0","0","0"
"1978","0","10.0","7","58","72","65","0","0","0"
"1979","0","9.0","7","55","65","60","75","150","100"
"1980","1","8.0","6","0","0","0","0","0","0"
"1981","0","7.0","0","0","0","0","0","0","0"
"1982","0","8.0","0","0","0","0","0","0","0"
"1983","0","0.0","0","0","0","0","0","0","0"
"1984","1","10.0","9","0","0","0","0","0","0"
"1985","0","0.0","8","63","77","70","76","116","53"
"1986","1","8.0","5","0","0","0","0","0","0"
"1987","0","8.0","3","63","77","70","0","0","0"
"1988","0","10.0","10","75","75","75","0","0","0"
"1989","0","0.0","0","0","0","0","0","0","0"
